,sample,spot_name,cluster
0,slice1,spot1,0
1,slice1,spot2,0
2,slice1,spot3,0
3,slice1,spot4,2
4,slice1,spot5,0
5,slice1,spot6,0
6,slice1,spot7,0
7,slice1,spot8,0
8,slice1,spot9,0
9,slice1,spot10,0
10,slice1,spot11,0
11,slice1,spot12,0
12,slice1,spot13,0
13,slice1,spot14,0
14,slice1,spot15,0
15,slice1,spot16,0
16,slice1,spot17,0
17,slice1,spot18,0
18,slice1,spot19,2
19,slice1,spot20,2
20,slice1,spot21,0
21,slice1,spot22,0
22,slice1,spot23,0
23,slice1,spot24,0
24,slice1,spot25,0
25,slice1,spot26,0
26,slice1,spot27,0
27,slice1,spot28,0
28,slice1,spot29,0
29,slice1,spot30,0
30,slice1,spot31,0
31,slice1,spot32,0
32,slice1,spot33,0
33,slice1,spot34,0
34,slice1,spot35,0
35,slice1,spot36,0
36,slice1,spot37,0
37,slice1,spot38,0
38,slice1,spot39,0
39,slice1,spot40,0
40,slice1,spot41,0
41,slice1,spot42,0
42,slice1,spot43,0
43,slice1,spot44,0
44,slice1,spot45,0
45,slice1,spot46,0
46,slice1,spot47,0
47,slice1,spot48,0
48,slice1,spot49,0
49,slice1,spot50,0
50,slice1,spot51,0
51,slice1,spot52,0
52,slice1,spot53,0
53,slice1,spot54,0
54,slice1,spot55,0
55,slice1,spot56,0
56,slice1,spot57,0
57,slice1,spot58,2
58,slice1,spot59,0
59,slice1,spot60,0
60,slice1,spot61,0
61,slice1,spot62,0
62,slice1,spot63,0
63,slice1,spot64,0
64,slice1,spot65,0
65,slice1,spot66,2
66,slice1,spot67,0
67,slice1,spot68,0
68,slice1,spot69,0
69,slice1,spot70,0
70,slice1,spot71,0
71,slice1,spot72,0
72,slice1,spot73,0
73,slice1,spot74,0
74,slice1,spot75,0
75,slice1,spot76,0
76,slice1,spot77,0
77,slice1,spot78,0
78,slice1,spot79,2
79,slice1,spot80,0
80,slice1,spot81,0
81,slice1,spot82,0
82,slice1,spot83,0
83,slice1,spot84,0
84,slice1,spot85,0
85,slice1,spot86,0
86,slice1,spot87,0
87,slice1,spot88,0
88,slice1,spot89,0
89,slice1,spot90,0
90,slice1,spot91,0
91,slice1,spot92,0
92,slice1,spot93,0
93,slice1,spot94,0
94,slice1,spot95,2
95,slice1,spot96,0
96,slice1,spot97,0
97,slice1,spot98,0
98,slice1,spot99,0
99,slice1,spot100,0
100,slice1,spot101,2
101,slice1,spot102,2
102,slice1,spot103,2
103,slice1,spot104,2
104,slice1,spot105,2
105,slice1,spot106,0
106,slice1,spot107,3
107,slice1,spot108,2
108,slice1,spot109,2
109,slice1,spot110,2
110,slice1,spot111,0
111,slice1,spot112,2
112,slice1,spot113,2
113,slice1,spot114,2
114,slice1,spot115,2
115,slice1,spot116,2
116,slice1,spot117,2
117,slice1,spot118,2
118,slice1,spot119,2
119,slice1,spot120,2
120,slice1,spot121,2
121,slice1,spot122,0
122,slice1,spot123,2
123,slice1,spot124,2
124,slice1,spot125,2
125,slice1,spot126,3
126,slice1,spot127,2
127,slice1,spot128,2
128,slice1,spot129,2
129,slice1,spot130,0
130,slice1,spot131,2
131,slice1,spot132,2
132,slice1,spot133,3
133,slice1,spot134,2
134,slice1,spot135,0
135,slice1,spot136,2
136,slice1,spot137,2
137,slice1,spot138,0
138,slice1,spot139,2
139,slice1,spot140,2
140,slice1,spot141,0
141,slice1,spot142,2
142,slice1,spot143,2
143,slice1,spot144,2
144,slice1,spot145,2
145,slice1,spot146,2
146,slice1,spot147,2
147,slice1,spot148,0
148,slice1,spot149,2
149,slice1,spot150,2
150,slice1,spot151,2
151,slice1,spot152,2
152,slice1,spot153,2
153,slice1,spot154,0
154,slice1,spot155,2
155,slice1,spot156,2
156,slice1,spot157,2
157,slice1,spot158,3
158,slice1,spot159,2
159,slice1,spot160,2
160,slice1,spot161,2
161,slice1,spot162,2
162,slice1,spot163,2
163,slice1,spot164,2
164,slice1,spot165,3
165,slice1,spot166,0
166,slice1,spot167,2
167,slice1,spot168,0
168,slice1,spot169,2
169,slice1,spot170,2
170,slice1,spot171,2
171,slice1,spot172,2
172,slice1,spot173,2
173,slice1,spot174,0
174,slice1,spot175,0
175,slice1,spot176,2
176,slice1,spot177,2
177,slice1,spot178,2
178,slice1,spot179,2
179,slice1,spot180,2
180,slice1,spot181,2
181,slice1,spot182,0
182,slice1,spot183,2
183,slice1,spot184,0
184,slice1,spot185,0
185,slice1,spot186,0
186,slice1,spot187,2
187,slice1,spot188,2
188,slice1,spot189,0
189,slice1,spot190,2
190,slice1,spot191,2
191,slice1,spot192,3
192,slice1,spot193,2
193,slice1,spot194,2
194,slice1,spot195,2
195,slice1,spot196,2
196,slice1,spot197,0
197,slice1,spot198,2
198,slice1,spot199,2
199,slice1,spot200,2
200,slice1,spot201,1
201,slice1,spot202,3
202,slice1,spot203,3
203,slice1,spot204,2
204,slice1,spot205,2
205,slice1,spot206,2
206,slice1,spot207,1
207,slice1,spot208,1
208,slice1,spot209,3
209,slice1,spot210,3
210,slice1,spot211,3
211,slice1,spot212,1
212,slice1,spot213,3
213,slice1,spot214,3
214,slice1,spot215,3
215,slice1,spot216,2
216,slice1,spot217,2
217,slice1,spot218,3
218,slice1,spot219,3
219,slice1,spot220,3
220,slice1,spot221,2
221,slice1,spot222,3
222,slice1,spot223,3
223,slice1,spot224,2
224,slice1,spot225,3
225,slice1,spot226,3
226,slice1,spot227,3
227,slice1,spot228,2
228,slice1,spot229,3
229,slice1,spot230,1
230,slice1,spot231,1
231,slice1,spot232,3
232,slice1,spot233,3
233,slice1,spot234,1
234,slice1,spot235,3
235,slice1,spot236,2
236,slice1,spot237,2
237,slice1,spot238,3
238,slice1,spot239,2
239,slice1,spot240,2
240,slice1,spot241,3
241,slice1,spot242,2
242,slice1,spot243,2
243,slice1,spot244,1
244,slice1,spot245,2
245,slice1,spot246,3
246,slice1,spot247,1
247,slice1,spot248,3
248,slice1,spot249,2
249,slice1,spot250,3
250,slice1,spot251,1
251,slice1,spot252,1
252,slice1,spot253,3
253,slice1,spot254,2
254,slice1,spot255,2
255,slice1,spot256,3
256,slice1,spot257,2
257,slice1,spot258,1
258,slice1,spot259,2
259,slice1,spot260,3
260,slice1,spot261,1
261,slice1,spot262,3
262,slice1,spot263,3
263,slice1,spot264,3
264,slice1,spot265,2
265,slice1,spot266,3
266,slice1,spot267,1
267,slice1,spot268,2
268,slice1,spot269,2
269,slice1,spot270,3
270,slice1,spot271,3
271,slice1,spot272,2
272,slice1,spot273,3
273,slice1,spot274,2
274,slice1,spot275,3
275,slice1,spot276,3
276,slice1,spot277,1
277,slice1,spot278,3
278,slice1,spot279,3
279,slice1,spot280,1
280,slice1,spot281,2
281,slice1,spot282,3
282,slice1,spot283,2
283,slice1,spot284,3
284,slice1,spot285,3
285,slice1,spot286,3
286,slice1,spot287,2
287,slice1,spot288,2
288,slice1,spot289,2
289,slice1,spot290,3
290,slice1,spot291,3
291,slice1,spot292,3
292,slice1,spot293,3
293,slice1,spot294,2
294,slice1,spot295,1
295,slice1,spot296,3
296,slice1,spot297,2
297,slice1,spot298,3
298,slice1,spot299,2
299,slice1,spot300,2
300,slice1,spot301,3
301,slice1,spot302,2
302,slice1,spot303,3
303,slice1,spot304,2
304,slice1,spot305,2
305,slice1,spot306,2
306,slice1,spot307,3
307,slice1,spot308,2
308,slice1,spot309,1
309,slice1,spot310,2
310,slice1,spot311,1
311,slice1,spot312,3
312,slice1,spot313,3
313,slice1,spot314,3
314,slice1,spot315,2
315,slice1,spot316,3
316,slice1,spot317,3
317,slice1,spot318,3
318,slice1,spot319,3
319,slice1,spot320,3
320,slice1,spot321,3
321,slice1,spot322,2
322,slice1,spot323,3
323,slice1,spot324,1
324,slice1,spot325,2
325,slice1,spot326,3
326,slice1,spot327,3
327,slice1,spot328,3
328,slice1,spot329,2
329,slice1,spot330,2
330,slice1,spot331,1
331,slice1,spot332,3
332,slice1,spot333,1
333,slice1,spot334,2
334,slice1,spot335,3
335,slice1,spot336,2
336,slice1,spot337,2
337,slice1,spot338,3
338,slice1,spot339,3
339,slice1,spot340,3
340,slice1,spot341,2
341,slice1,spot342,2
342,slice1,spot343,3
343,slice1,spot344,3
344,slice1,spot345,2
345,slice1,spot346,3
346,slice1,spot347,2
347,slice1,spot348,1
348,slice1,spot349,2
349,slice1,spot350,3
350,slice1,spot351,3
351,slice1,spot352,2
352,slice1,spot353,3
353,slice1,spot354,1
354,slice1,spot355,1
355,slice1,spot356,3
356,slice1,spot357,3
357,slice1,spot358,2
358,slice1,spot359,3
359,slice1,spot360,3
360,slice1,spot361,3
361,slice1,spot362,2
362,slice1,spot363,1
363,slice1,spot364,3
364,slice1,spot365,3
365,slice1,spot366,1
366,slice1,spot367,1
367,slice1,spot368,3
368,slice1,spot369,2
369,slice1,spot370,2
370,slice1,spot371,2
371,slice1,spot372,3
372,slice1,spot373,1
373,slice1,spot374,3
374,slice1,spot375,3
375,slice1,spot376,2
376,slice1,spot377,3
377,slice1,spot378,2
378,slice1,spot379,3
379,slice1,spot380,2
380,slice1,spot381,3
381,slice1,spot382,3
382,slice1,spot383,2
383,slice1,spot384,3
384,slice1,spot385,3
385,slice1,spot386,2
386,slice1,spot387,2
387,slice1,spot388,3
388,slice1,spot389,3
389,slice1,spot390,1
390,slice1,spot391,3
391,slice1,spot392,3
392,slice1,spot393,1
393,slice1,spot394,1
394,slice1,spot395,3
395,slice1,spot396,2
396,slice1,spot397,3
397,slice1,spot398,2
398,slice1,spot399,3
399,slice1,spot400,3
400,slice1,spot401,1
401,slice1,spot402,3
402,slice1,spot403,3
403,slice1,spot404,3
404,slice1,spot405,1
405,slice1,spot406,1
406,slice1,spot407,1
407,slice1,spot408,1
408,slice1,spot409,1
409,slice1,spot410,3
410,slice1,spot411,1
411,slice1,spot412,1
412,slice1,spot413,1
413,slice1,spot414,1
414,slice1,spot415,1
415,slice1,spot416,1
416,slice1,spot417,3
417,slice1,spot418,1
418,slice1,spot419,1
419,slice1,spot420,3
420,slice1,spot421,3
421,slice1,spot422,1
422,slice1,spot423,1
423,slice1,spot424,3
424,slice1,spot425,3
425,slice1,spot426,1
426,slice1,spot427,1
427,slice1,spot428,1
428,slice1,spot429,1
429,slice1,spot430,1
430,slice1,spot431,1
431,slice1,spot432,1
432,slice1,spot433,1
433,slice1,spot434,1
434,slice1,spot435,1
435,slice1,spot436,1
436,slice1,spot437,1
437,slice1,spot438,1
438,slice1,spot439,3
439,slice1,spot440,1
440,slice1,spot441,1
441,slice1,spot442,3
442,slice1,spot443,1
443,slice1,spot444,1
444,slice1,spot445,1
445,slice1,spot446,1
446,slice1,spot447,1
447,slice1,spot448,3
448,slice1,spot449,1
449,slice1,spot450,3
450,slice1,spot451,1
451,slice1,spot452,3
452,slice1,spot453,1
453,slice1,spot454,3
454,slice1,spot455,1
455,slice1,spot456,1
456,slice1,spot457,1
457,slice1,spot458,1
458,slice1,spot459,1
459,slice1,spot460,2
460,slice1,spot461,1
461,slice1,spot462,1
462,slice1,spot463,3
463,slice1,spot464,1
464,slice1,spot465,1
465,slice1,spot466,1
466,slice1,spot467,1
467,slice1,spot468,3
468,slice1,spot469,1
469,slice1,spot470,3
470,slice1,spot471,1
471,slice1,spot472,1
472,slice1,spot473,1
473,slice1,spot474,1
474,slice1,spot475,1
475,slice1,spot476,1
476,slice1,spot477,1
477,slice1,spot478,1
478,slice1,spot479,1
479,slice1,spot480,1
480,slice1,spot481,1
481,slice1,spot482,1
482,slice1,spot483,1
483,slice1,spot484,1
484,slice1,spot485,3
485,slice1,spot486,1
486,slice1,spot487,3
487,slice1,spot488,3
488,slice1,spot489,1
489,slice1,spot490,1
490,slice1,spot491,3
491,slice1,spot492,1
492,slice1,spot493,1
493,slice1,spot494,1
494,slice1,spot495,3
495,slice1,spot496,1
496,slice1,spot497,1
497,slice1,spot498,3
498,slice1,spot499,1
499,slice1,spot500,1
500,slice2,spot501,2
501,slice2,spot502,2
502,slice2,spot503,2
503,slice2,spot504,2
504,slice2,spot505,2
505,slice2,spot506,2
506,slice2,spot507,2
507,slice2,spot508,2
508,slice2,spot509,2
509,slice2,spot510,2
510,slice2,spot511,1
511,slice2,spot512,2
512,slice2,spot513,2
513,slice2,spot514,2
514,slice2,spot515,2
515,slice2,spot516,2
516,slice2,spot517,2
517,slice2,spot518,2
518,slice2,spot519,2
519,slice2,spot520,2
520,slice2,spot521,2
521,slice2,spot522,2
522,slice2,spot523,2
523,slice2,spot524,2
524,slice2,spot525,3
525,slice2,spot526,2
526,slice2,spot527,2
527,slice2,spot528,2
528,slice2,spot529,2
529,slice2,spot530,2
530,slice2,spot531,2
531,slice2,spot532,1
532,slice2,spot533,2
533,slice2,spot534,2
534,slice2,spot535,2
535,slice2,spot536,2
536,slice2,spot537,2
537,slice2,spot538,1
538,slice2,spot539,2
539,slice2,spot540,2
540,slice2,spot541,2
541,slice2,spot542,2
542,slice2,spot543,2
543,slice2,spot544,2
544,slice2,spot545,2
545,slice2,spot546,2
546,slice2,spot547,2
547,slice2,spot548,2
548,slice2,spot549,2
549,slice2,spot550,2
550,slice2,spot551,2
551,slice2,spot552,2
552,slice2,spot553,2
553,slice2,spot554,2
554,slice2,spot555,2
555,slice2,spot556,2
556,slice2,spot557,2
557,slice2,spot558,2
558,slice2,spot559,1
559,slice2,spot560,2
560,slice2,spot561,2
561,slice2,spot562,1
562,slice2,spot563,1
563,slice2,spot564,2
564,slice2,spot565,2
565,slice2,spot566,2
566,slice2,spot567,2
567,slice2,spot568,2
568,slice2,spot569,2
569,slice2,spot570,2
570,slice2,spot571,2
571,slice2,spot572,2
572,slice2,spot573,2
573,slice2,spot574,2
574,slice2,spot575,2
575,slice2,spot576,2
576,slice2,spot577,2
577,slice2,spot578,2
578,slice2,spot579,2
579,slice2,spot580,2
580,slice2,spot581,2
581,slice2,spot582,2
582,slice2,spot583,2
583,slice2,spot584,2
584,slice2,spot585,2
585,slice2,spot586,1
586,slice2,spot587,2
587,slice2,spot588,2
588,slice2,spot589,2
589,slice2,spot590,2
590,slice2,spot591,2
591,slice2,spot592,1
592,slice2,spot593,2
593,slice2,spot594,2
594,slice2,spot595,2
595,slice2,spot596,2
596,slice2,spot597,1
597,slice2,spot598,2
598,slice2,spot599,2
599,slice2,spot600,2
600,slice2,spot601,2
601,slice2,spot602,2
602,slice2,spot603,1
603,slice2,spot604,1
604,slice2,spot605,1
605,slice2,spot606,3
606,slice2,spot607,1
607,slice2,spot608,1
608,slice2,spot609,2
609,slice2,spot610,2
610,slice2,spot611,1
611,slice2,spot612,1
612,slice2,spot613,1
613,slice2,spot614,1
614,slice2,spot615,1
615,slice2,spot616,1
616,slice2,spot617,1
617,slice2,spot618,1
618,slice2,spot619,3
619,slice2,spot620,2
620,slice2,spot621,1
621,slice2,spot622,2
622,slice2,spot623,2
623,slice2,spot624,3
624,slice2,spot625,2
625,slice2,spot626,1
626,slice2,spot627,1
627,slice2,spot628,2
628,slice2,spot629,1
629,slice2,spot630,1
630,slice2,spot631,3
631,slice2,spot632,1
632,slice2,spot633,1
633,slice2,spot634,1
634,slice2,spot635,2
635,slice2,spot636,1
636,slice2,spot637,1
637,slice2,spot638,1
638,slice2,spot639,2
639,slice2,spot640,1
640,slice2,spot641,1
641,slice2,spot642,1
642,slice2,spot643,3
643,slice2,spot644,1
644,slice2,spot645,2
645,slice2,spot646,2
646,slice2,spot647,2
647,slice2,spot648,1
648,slice2,spot649,1
649,slice2,spot650,2
650,slice2,spot651,1
651,slice2,spot652,1
652,slice2,spot653,1
653,slice2,spot654,1
654,slice2,spot655,2
655,slice2,spot656,2
656,slice2,spot657,1
657,slice2,spot658,2
658,slice2,spot659,1
659,slice2,spot660,1
660,slice2,spot661,3
661,slice2,spot662,3
662,slice2,spot663,1
663,slice2,spot664,1
664,slice2,spot665,2
665,slice2,spot666,3
666,slice2,spot667,1
667,slice2,spot668,1
668,slice2,spot669,1
669,slice2,spot670,2
670,slice2,spot671,1
671,slice2,spot672,1
672,slice2,spot673,1
673,slice2,spot674,1
674,slice2,spot675,1
675,slice2,spot676,1
676,slice2,spot677,1
677,slice2,spot678,1
678,slice2,spot679,2
679,slice2,spot680,1
680,slice2,spot681,1
681,slice2,spot682,1
682,slice2,spot683,1
683,slice2,spot684,1
684,slice2,spot685,1
685,slice2,spot686,1
686,slice2,spot687,2
687,slice2,spot688,1
688,slice2,spot689,1
689,slice2,spot690,2
690,slice2,spot691,1
691,slice2,spot692,2
692,slice2,spot693,2
693,slice2,spot694,1
694,slice2,spot695,1
695,slice2,spot696,3
696,slice2,spot697,2
697,slice2,spot698,2
698,slice2,spot699,1
699,slice2,spot700,2
700,slice2,spot701,1
701,slice2,spot702,2
702,slice2,spot703,1
703,slice2,spot704,1
704,slice2,spot705,1
705,slice2,spot706,1
706,slice2,spot707,1
707,slice2,spot708,3
708,slice2,spot709,3
709,slice2,spot710,3
710,slice2,spot711,1
711,slice2,spot712,1
712,slice2,spot713,3
713,slice2,spot714,3
714,slice2,spot715,0
715,slice2,spot716,1
716,slice2,spot717,3
717,slice2,spot718,1
718,slice2,spot719,0
719,slice2,spot720,1
720,slice2,spot721,1
721,slice2,spot722,0
722,slice2,spot723,1
723,slice2,spot724,0
724,slice2,spot725,1
725,slice2,spot726,0
726,slice2,spot727,1
727,slice2,spot728,3
728,slice2,spot729,1
729,slice2,spot730,1
730,slice2,spot731,0
731,slice2,spot732,3
732,slice2,spot733,1
733,slice2,spot734,1
734,slice2,spot735,3
735,slice2,spot736,1
736,slice2,spot737,1
737,slice2,spot738,0
738,slice2,spot739,1
739,slice2,spot740,3
740,slice2,spot741,1
741,slice2,spot742,3
742,slice2,spot743,0
743,slice2,spot744,3
744,slice2,spot745,0
745,slice2,spot746,1
746,slice2,spot747,3
747,slice2,spot748,3
748,slice2,spot749,0
749,slice2,spot750,0
750,slice2,spot751,1
751,slice2,spot752,0
752,slice2,spot753,0
753,slice2,spot754,3
754,slice2,spot755,1
755,slice2,spot756,0
756,slice2,spot757,1
757,slice2,spot758,1
758,slice2,spot759,0
759,slice2,spot760,1
760,slice2,spot761,0
761,slice2,spot762,1
762,slice2,spot763,0
763,slice2,spot764,1
764,slice2,spot765,0
765,slice2,spot766,3
766,slice2,spot767,3
767,slice2,spot768,1
768,slice2,spot769,3
769,slice2,spot770,3
770,slice2,spot771,0
771,slice2,spot772,0
772,slice2,spot773,1
773,slice2,spot774,0
774,slice2,spot775,1
775,slice2,spot776,3
776,slice2,spot777,0
777,slice2,spot778,3
778,slice2,spot779,0
779,slice2,spot780,1
780,slice2,spot781,1
781,slice2,spot782,3
782,slice2,spot783,0
783,slice2,spot784,1
784,slice2,spot785,1
785,slice2,spot786,3
786,slice2,spot787,1
787,slice2,spot788,3
788,slice2,spot789,1
789,slice2,spot790,0
790,slice2,spot791,3
791,slice2,spot792,1
792,slice2,spot793,0
793,slice2,spot794,1
794,slice2,spot795,1
795,slice2,spot796,0
796,slice2,spot797,3
797,slice2,spot798,0
798,slice2,spot799,3
799,slice2,spot800,1
800,slice2,spot801,1
801,slice2,spot802,0
802,slice2,spot803,1
803,slice2,spot804,0
804,slice2,spot805,1
805,slice2,spot806,0
806,slice2,spot807,0
807,slice2,spot808,1
808,slice2,spot809,3
809,slice2,spot810,0
810,slice2,spot811,0
811,slice2,spot812,1
812,slice2,spot813,0
813,slice2,spot814,0
814,slice2,spot815,1
815,slice2,spot816,1
816,slice2,spot817,1
817,slice2,spot818,0
818,slice2,spot819,1
819,slice2,spot820,1
820,slice2,spot821,1
821,slice2,spot822,1
822,slice2,spot823,0
823,slice2,spot824,3
824,slice2,spot825,3
825,slice2,spot826,3
826,slice2,spot827,1
827,slice2,spot828,0
828,slice2,spot829,1
829,slice2,spot830,0
830,slice2,spot831,1
831,slice2,spot832,1
832,slice2,spot833,1
833,slice2,spot834,0
834,slice2,spot835,3
835,slice2,spot836,1
836,slice2,spot837,3
837,slice2,spot838,1
838,slice2,spot839,3
839,slice2,spot840,1
840,slice2,spot841,0
841,slice2,spot842,0
842,slice2,spot843,3
843,slice2,spot844,3
844,slice2,spot845,1
845,slice2,spot846,0
846,slice2,spot847,1
847,slice2,spot848,3
848,slice2,spot849,1
849,slice2,spot850,1
850,slice2,spot851,1
851,slice2,spot852,1
852,slice2,spot853,0
853,slice2,spot854,1
854,slice2,spot855,1
855,slice2,spot856,3
856,slice2,spot857,1
857,slice2,spot858,1
858,slice2,spot859,0
859,slice2,spot860,3
860,slice2,spot861,1
861,slice2,spot862,1
862,slice2,spot863,0
863,slice2,spot864,0
864,slice2,spot865,1
865,slice2,spot866,0
866,slice2,spot867,3
867,slice2,spot868,0
868,slice2,spot869,1
869,slice2,spot870,0
870,slice2,spot871,3
871,slice2,spot872,3
872,slice2,spot873,1
873,slice2,spot874,2
874,slice2,spot875,1
875,slice2,spot876,1
876,slice2,spot877,0
877,slice2,spot878,1
878,slice2,spot879,1
879,slice2,spot880,0
880,slice2,spot881,0
881,slice2,spot882,3
882,slice2,spot883,1
883,slice2,spot884,0
884,slice2,spot885,0
885,slice2,spot886,1
886,slice2,spot887,3
887,slice2,spot888,1
888,slice2,spot889,0
889,slice2,spot890,1
890,slice2,spot891,3
891,slice2,spot892,1
892,slice2,spot893,3
893,slice2,spot894,1
894,slice2,spot895,1
895,slice2,spot896,3
896,slice2,spot897,0
897,slice2,spot898,1
898,slice2,spot899,3
899,slice2,spot900,0
900,slice2,spot901,3
901,slice2,spot902,0
902,slice2,spot903,0
903,slice2,spot904,0
904,slice2,spot905,0
905,slice2,spot906,0
906,slice2,spot907,0
907,slice2,spot908,0
908,slice2,spot909,0
909,slice2,spot910,0
910,slice2,spot911,0
911,slice2,spot912,0
912,slice2,spot913,0
913,slice2,spot914,0
914,slice2,spot915,0
915,slice2,spot916,0
916,slice2,spot917,0
917,slice2,spot918,0
918,slice2,spot919,0
919,slice2,spot920,0
920,slice2,spot921,0
921,slice2,spot922,0
922,slice2,spot923,1
923,slice2,spot924,1
924,slice2,spot925,0
925,slice2,spot926,0
926,slice2,spot927,0
927,slice2,spot928,0
928,slice2,spot929,0
929,slice2,spot930,0
930,slice2,spot931,0
931,slice2,spot932,0
932,slice2,spot933,0
933,slice2,spot934,0
934,slice2,spot935,3
935,slice2,spot936,0
936,slice2,spot937,0
937,slice2,spot938,0
938,slice2,spot939,3
939,slice2,spot940,0
940,slice2,spot941,0
941,slice2,spot942,0
942,slice2,spot943,0
943,slice2,spot944,1
944,slice2,spot945,3
945,slice2,spot946,0
946,slice2,spot947,0
947,slice2,spot948,0
948,slice2,spot949,0
949,slice2,spot950,0
950,slice2,spot951,0
951,slice2,spot952,3
952,slice2,spot953,0
953,slice2,spot954,0
954,slice2,spot955,0
955,slice2,spot956,0
956,slice2,spot957,0
957,slice2,spot958,3
958,slice2,spot959,1
959,slice2,spot960,0
960,slice2,spot961,0
961,slice2,spot962,0
962,slice2,spot963,0
963,slice2,spot964,0
964,slice2,spot965,3
965,slice2,spot966,0
966,slice2,spot967,3
967,slice2,spot968,0
968,slice2,spot969,0
969,slice2,spot970,0
970,slice2,spot971,0
971,slice2,spot972,0
972,slice2,spot973,0
973,slice2,spot974,0
974,slice2,spot975,0
975,slice2,spot976,0
976,slice2,spot977,0
977,slice2,spot978,0
978,slice2,spot979,0
979,slice2,spot980,0
980,slice2,spot981,0
981,slice2,spot982,0
982,slice2,spot983,0
983,slice2,spot984,0
984,slice2,spot985,0
985,slice2,spot986,0
986,slice2,spot987,0
987,slice2,spot988,0
988,slice2,spot989,0
989,slice2,spot990,0
990,slice2,spot991,0
991,slice2,spot992,0
992,slice2,spot993,0
993,slice2,spot994,0
994,slice2,spot995,0
995,slice2,spot996,0
996,slice2,spot997,0
997,slice2,spot998,0
998,slice2,spot999,0
999,slice2,spot1000,3
1000,slice3,spot1001,0
1001,slice3,spot1002,0
1002,slice3,spot1003,0
1003,slice3,spot1004,2
1004,slice3,spot1005,0
1005,slice3,spot1006,0
1006,slice3,spot1007,0
1007,slice3,spot1008,2
1008,slice3,spot1009,0
1009,slice3,spot1010,0
1010,slice3,spot1011,2
1011,slice3,spot1012,0
1012,slice3,spot1013,0
1013,slice3,spot1014,0
1014,slice3,spot1015,2
1015,slice3,spot1016,0
1016,slice3,spot1017,0
1017,slice3,spot1018,0
1018,slice3,spot1019,0
1019,slice3,spot1020,0
1020,slice3,spot1021,0
1021,slice3,spot1022,0
1022,slice3,spot1023,0
1023,slice3,spot1024,0
1024,slice3,spot1025,0
1025,slice3,spot1026,0
1026,slice3,spot1027,0
1027,slice3,spot1028,2
1028,slice3,spot1029,0
1029,slice3,spot1030,0
1030,slice3,spot1031,0
1031,slice3,spot1032,0
1032,slice3,spot1033,0
1033,slice3,spot1034,0
1034,slice3,spot1035,0
1035,slice3,spot1036,0
1036,slice3,spot1037,0
1037,slice3,spot1038,0
1038,slice3,spot1039,2
1039,slice3,spot1040,1
1040,slice3,spot1041,2
1041,slice3,spot1042,0
1042,slice3,spot1043,2
1043,slice3,spot1044,0
1044,slice3,spot1045,0
1045,slice3,spot1046,0
1046,slice3,spot1047,0
1047,slice3,spot1048,0
1048,slice3,spot1049,2
1049,slice3,spot1050,0
1050,slice3,spot1051,0
1051,slice3,spot1052,1
1052,slice3,spot1053,0
1053,slice3,spot1054,0
1054,slice3,spot1055,0
1055,slice3,spot1056,2
1056,slice3,spot1057,0
1057,slice3,spot1058,0
1058,slice3,spot1059,0
1059,slice3,spot1060,1
1060,slice3,spot1061,2
1061,slice3,spot1062,0
1062,slice3,spot1063,2
1063,slice3,spot1064,0
1064,slice3,spot1065,0
1065,slice3,spot1066,0
1066,slice3,spot1067,0
1067,slice3,spot1068,0
1068,slice3,spot1069,2
1069,slice3,spot1070,0
1070,slice3,spot1071,0
1071,slice3,spot1072,0
1072,slice3,spot1073,1
1073,slice3,spot1074,0
1074,slice3,spot1075,0
1075,slice3,spot1076,0
1076,slice3,spot1077,0
1077,slice3,spot1078,0
1078,slice3,spot1079,0
1079,slice3,spot1080,0
1080,slice3,spot1081,0
1081,slice3,spot1082,0
1082,slice3,spot1083,0
1083,slice3,spot1084,2
1084,slice3,spot1085,0
1085,slice3,spot1086,0
1086,slice3,spot1087,0
1087,slice3,spot1088,0
1088,slice3,spot1089,2
1089,slice3,spot1090,0
1090,slice3,spot1091,0
1091,slice3,spot1092,0
1092,slice3,spot1093,2
1093,slice3,spot1094,1
1094,slice3,spot1095,2
1095,slice3,spot1096,0
1096,slice3,spot1097,0
1097,slice3,spot1098,0
1098,slice3,spot1099,0
1099,slice3,spot1100,0
1100,slice3,spot1101,2
1101,slice3,spot1102,1
1102,slice3,spot1103,2
1103,slice3,spot1104,2
1104,slice3,spot1105,1
1105,slice3,spot1106,2
1106,slice3,spot1107,2
1107,slice3,spot1108,2
1108,slice3,spot1109,1
1109,slice3,spot1110,2
1110,slice3,spot1111,2
1111,slice3,spot1112,1
1112,slice3,spot1113,1
1113,slice3,spot1114,1
1114,slice3,spot1115,2
1115,slice3,spot1116,2
1116,slice3,spot1117,1
1117,slice3,spot1118,2
1118,slice3,spot1119,2
1119,slice3,spot1120,1
1120,slice3,spot1121,2
1121,slice3,spot1122,1
1122,slice3,spot1123,1
1123,slice3,spot1124,2
1124,slice3,spot1125,1
1125,slice3,spot1126,1
1126,slice3,spot1127,1
1127,slice3,spot1128,0
1128,slice3,spot1129,1
1129,slice3,spot1130,2
1130,slice3,spot1131,2
1131,slice3,spot1132,1
1132,slice3,spot1133,2
1133,slice3,spot1134,1
1134,slice3,spot1135,2
1135,slice3,spot1136,1
1136,slice3,spot1137,0
1137,slice3,spot1138,2
1138,slice3,spot1139,3
1139,slice3,spot1140,1
1140,slice3,spot1141,2
1141,slice3,spot1142,2
1142,slice3,spot1143,2
1143,slice3,spot1144,2
1144,slice3,spot1145,1
1145,slice3,spot1146,2
1146,slice3,spot1147,0
1147,slice3,spot1148,1
1148,slice3,spot1149,1
1149,slice3,spot1150,2
1150,slice3,spot1151,2
1151,slice3,spot1152,2
1152,slice3,spot1153,2
1153,slice3,spot1154,1
1154,slice3,spot1155,1
1155,slice3,spot1156,2
1156,slice3,spot1157,1
1157,slice3,spot1158,2
1158,slice3,spot1159,2
1159,slice3,spot1160,2
1160,slice3,spot1161,2
1161,slice3,spot1162,2
1162,slice3,spot1163,2
1163,slice3,spot1164,3
1164,slice3,spot1165,1
1165,slice3,spot1166,0
1166,slice3,spot1167,1
1167,slice3,spot1168,1
1168,slice3,spot1169,2
1169,slice3,spot1170,2
1170,slice3,spot1171,1
1171,slice3,spot1172,0
1172,slice3,spot1173,3
1173,slice3,spot1174,1
1174,slice3,spot1175,2
1175,slice3,spot1176,2
1176,slice3,spot1177,1
1177,slice3,spot1178,0
1178,slice3,spot1179,0
1179,slice3,spot1180,0
1180,slice3,spot1181,1
1181,slice3,spot1182,2
1182,slice3,spot1183,1
1183,slice3,spot1184,0
1184,slice3,spot1185,1
1185,slice3,spot1186,2
1186,slice3,spot1187,1
1187,slice3,spot1188,1
1188,slice3,spot1189,2
1189,slice3,spot1190,1
1190,slice3,spot1191,2
1191,slice3,spot1192,2
1192,slice3,spot1193,2
1193,slice3,spot1194,2
1194,slice3,spot1195,0
1195,slice3,spot1196,2
1196,slice3,spot1197,2
1197,slice3,spot1198,0
1198,slice3,spot1199,2
1199,slice3,spot1200,1
1200,slice3,spot1201,3
1201,slice3,spot1202,3
1202,slice3,spot1203,3
1203,slice3,spot1204,3
1204,slice3,spot1205,1
1205,slice3,spot1206,1
1206,slice3,spot1207,1
1207,slice3,spot1208,3
1208,slice3,spot1209,3
1209,slice3,spot1210,3
1210,slice3,spot1211,3
1211,slice3,spot1212,3
1212,slice3,spot1213,1
1213,slice3,spot1214,3
1214,slice3,spot1215,3
1215,slice3,spot1216,3
1216,slice3,spot1217,3
1217,slice3,spot1218,3
1218,slice3,spot1219,3
1219,slice3,spot1220,3
1220,slice3,spot1221,1
1221,slice3,spot1222,2
1222,slice3,spot1223,3
1223,slice3,spot1224,3
1224,slice3,spot1225,3
1225,slice3,spot1226,3
1226,slice3,spot1227,2
1227,slice3,spot1228,3
1228,slice3,spot1229,3
1229,slice3,spot1230,3
1230,slice3,spot1231,3
1231,slice3,spot1232,1
1232,slice3,spot1233,1
1233,slice3,spot1234,2
1234,slice3,spot1235,3
1235,slice3,spot1236,3
1236,slice3,spot1237,3
1237,slice3,spot1238,1
1238,slice3,spot1239,1
1239,slice3,spot1240,2
1240,slice3,spot1241,1
1241,slice3,spot1242,3
1242,slice3,spot1243,1
1243,slice3,spot1244,1
1244,slice3,spot1245,3
1245,slice3,spot1246,3
1246,slice3,spot1247,3
1247,slice3,spot1248,3
1248,slice3,spot1249,1
1249,slice3,spot1250,1
1250,slice3,spot1251,3
1251,slice3,spot1252,1
1252,slice3,spot1253,3
1253,slice3,spot1254,3
1254,slice3,spot1255,3
1255,slice3,spot1256,3
1256,slice3,spot1257,3
1257,slice3,spot1258,1
1258,slice3,spot1259,2
1259,slice3,spot1260,1
1260,slice3,spot1261,3
1261,slice3,spot1262,1
1262,slice3,spot1263,3
1263,slice3,spot1264,3
1264,slice3,spot1265,3
1265,slice3,spot1266,2
1266,slice3,spot1267,3
1267,slice3,spot1268,3
1268,slice3,spot1269,1
1269,slice3,spot1270,3
1270,slice3,spot1271,1
1271,slice3,spot1272,1
1272,slice3,spot1273,3
1273,slice3,spot1274,1
1274,slice3,spot1275,3
1275,slice3,spot1276,3
1276,slice3,spot1277,3
1277,slice3,spot1278,3
1278,slice3,spot1279,3
1279,slice3,spot1280,3
1280,slice3,spot1281,1
1281,slice3,spot1282,3
1282,slice3,spot1283,3
1283,slice3,spot1284,3
1284,slice3,spot1285,3
1285,slice3,spot1286,3
1286,slice3,spot1287,1
1287,slice3,spot1288,2
1288,slice3,spot1289,3
1289,slice3,spot1290,3
1290,slice3,spot1291,2
1291,slice3,spot1292,3
1292,slice3,spot1293,1
1293,slice3,spot1294,2
1294,slice3,spot1295,1
1295,slice3,spot1296,3
1296,slice3,spot1297,3
1297,slice3,spot1298,2
1298,slice3,spot1299,3
1299,slice3,spot1300,3
1300,slice3,spot1301,1
1301,slice3,spot1302,1
1302,slice3,spot1303,3
1303,slice3,spot1304,1
1304,slice3,spot1305,3
1305,slice3,spot1306,2
1306,slice3,spot1307,3
1307,slice3,spot1308,3
1308,slice3,spot1309,3
1309,slice3,spot1310,3
1310,slice3,spot1311,3
1311,slice3,spot1312,3
1312,slice3,spot1313,3
1313,slice3,spot1314,0
1314,slice3,spot1315,3
1315,slice3,spot1316,1
1316,slice3,spot1317,3
1317,slice3,spot1318,1
1318,slice3,spot1319,3
1319,slice3,spot1320,3
1320,slice3,spot1321,1
1321,slice3,spot1322,3
1322,slice3,spot1323,3
1323,slice3,spot1324,1
1324,slice3,spot1325,1
1325,slice3,spot1326,1
1326,slice3,spot1327,2
1327,slice3,spot1328,1
1328,slice3,spot1329,3
1329,slice3,spot1330,3
1330,slice3,spot1331,3
1331,slice3,spot1332,1
1332,slice3,spot1333,2
1333,slice3,spot1334,3
1334,slice3,spot1335,3
1335,slice3,spot1336,1
1336,slice3,spot1337,1
1337,slice3,spot1338,3
1338,slice3,spot1339,3
1339,slice3,spot1340,3
1340,slice3,spot1341,1
1341,slice3,spot1342,1
1342,slice3,spot1343,3
1343,slice3,spot1344,1
1344,slice3,spot1345,3
1345,slice3,spot1346,1
1346,slice3,spot1347,3
1347,slice3,spot1348,1
1348,slice3,spot1349,3
1349,slice3,spot1350,1
1350,slice3,spot1351,3
1351,slice3,spot1352,3
1352,slice3,spot1353,3
1353,slice3,spot1354,2
1354,slice3,spot1355,1
1355,slice3,spot1356,3
1356,slice3,spot1357,3
1357,slice3,spot1358,3
1358,slice3,spot1359,3
1359,slice3,spot1360,1
1360,slice3,spot1361,3
1361,slice3,spot1362,3
1362,slice3,spot1363,3
1363,slice3,spot1364,3
1364,slice3,spot1365,3
1365,slice3,spot1366,3
1366,slice3,spot1367,3
1367,slice3,spot1368,3
1368,slice3,spot1369,1
1369,slice3,spot1370,3
1370,slice3,spot1371,3
1371,slice3,spot1372,3
1372,slice3,spot1373,3
1373,slice3,spot1374,3
1374,slice3,spot1375,3
1375,slice3,spot1376,3
1376,slice3,spot1377,3
1377,slice3,spot1378,3
1378,slice3,spot1379,3
1379,slice3,spot1380,3
1380,slice3,spot1381,3
1381,slice3,spot1382,3
1382,slice3,spot1383,2
1383,slice3,spot1384,3
1384,slice3,spot1385,3
1385,slice3,spot1386,3
1386,slice3,spot1387,2
1387,slice3,spot1388,1
1388,slice3,spot1389,2
1389,slice3,spot1390,3
1390,slice3,spot1391,3
1391,slice3,spot1392,1
1392,slice3,spot1393,3
1393,slice3,spot1394,1
1394,slice3,spot1395,3
1395,slice3,spot1396,2
1396,slice3,spot1397,3
1397,slice3,spot1398,1
1398,slice3,spot1399,3
1399,slice3,spot1400,3
1400,slice4,spot1501,3
1401,slice4,spot1502,3
1402,slice4,spot1503,3
1403,slice4,spot1505,3
1404,slice4,spot1506,3
1405,slice4,spot1507,1
1406,slice4,spot1508,3
1407,slice4,spot1509,3
1408,slice4,spot1510,3
1409,slice4,spot1511,1
1410,slice4,spot1512,3
1411,slice4,spot1513,3
1412,slice4,spot1514,3
1413,slice4,spot1515,3
1414,slice4,spot1516,1
1415,slice4,spot1517,3
1416,slice4,spot1518,3
1417,slice4,spot1523,3
1418,slice4,spot1524,3
1419,slice4,spot1525,3
1420,slice4,spot1526,1
1421,slice4,spot1528,1
1422,slice4,spot1529,3
1423,slice4,spot1531,3
1424,slice4,spot1532,1
1425,slice4,spot1533,3
1426,slice4,spot1534,3
1427,slice4,spot1535,3
1428,slice4,spot1536,3
1429,slice4,spot1537,3
1430,slice4,spot1538,3
1431,slice4,spot1539,3
1432,slice4,spot1540,3
1433,slice4,spot1541,3
1434,slice4,spot1542,3
1435,slice4,spot1544,3
1436,slice4,spot1545,3
1437,slice4,spot1546,3
1438,slice4,spot1547,1
1439,slice4,spot1548,3
1440,slice4,spot1550,3
1441,slice4,spot1551,3
1442,slice4,spot1552,1
1443,slice4,spot1553,3
1444,slice4,spot1554,3
1445,slice4,spot1555,3
1446,slice4,spot1556,3
1447,slice4,spot1557,3
1448,slice4,spot1558,3
1449,slice4,spot1559,1
1450,slice4,spot1560,1
1451,slice4,spot1561,3
1452,slice4,spot1562,3
1453,slice4,spot1564,3
1454,slice4,spot1565,3
1455,slice4,spot1567,3
1456,slice4,spot1568,3
1457,slice4,spot1569,3
1458,slice4,spot1570,3
1459,slice4,spot1571,1
1460,slice4,spot1572,3
1461,slice4,spot1573,3
1462,slice4,spot1574,3
1463,slice4,spot1575,1
1464,slice4,spot1576,3
1465,slice4,spot1578,3
1466,slice4,spot1579,3
1467,slice4,spot1582,3
1468,slice4,spot1583,3
1469,slice4,spot1585,3
1470,slice4,spot1586,3
1471,slice4,spot1587,3
1472,slice4,spot1589,3
1473,slice4,spot1590,3
1474,slice4,spot1593,3
1475,slice4,spot1594,3
1476,slice4,spot1595,3
1477,slice4,spot1596,3
1478,slice4,spot1597,3
1479,slice4,spot1598,3
1480,slice4,spot1601,0
1481,slice4,spot1603,1
1482,slice4,spot1605,1
1483,slice4,spot1607,1
1484,slice4,spot1608,1
1485,slice4,spot1609,1
1486,slice4,spot1610,1
1487,slice4,spot1611,1
1488,slice4,spot1612,1
1489,slice4,spot1613,0
1490,slice4,spot1614,0
1491,slice4,spot1615,1
1492,slice4,spot1616,1
1493,slice4,spot1617,1
1494,slice4,spot1619,1
1495,slice4,spot1621,1
1496,slice4,spot1622,1
1497,slice4,spot1623,1
1498,slice4,spot1624,1
1499,slice4,spot1626,0
1500,slice4,spot1627,1
1501,slice4,spot1628,1
1502,slice4,spot1629,0
1503,slice4,spot1630,1
1504,slice4,spot1631,1
1505,slice4,spot1632,1
1506,slice4,spot1633,0
1507,slice4,spot1635,1
1508,slice4,spot1636,0
1509,slice4,spot1637,1
1510,slice4,spot1638,1
1511,slice4,spot1639,3
1512,slice4,spot1640,1
1513,slice4,spot1641,0
1514,slice4,spot1642,1
1515,slice4,spot1643,1
1516,slice4,spot1644,0
1517,slice4,spot1645,1
1518,slice4,spot1646,1
1519,slice4,spot1648,1
1520,slice4,spot1649,1
1521,slice4,spot1650,1
1522,slice4,spot1651,1
1523,slice4,spot1652,3
1524,slice4,spot1653,1
1525,slice4,spot1654,1
1526,slice4,spot1655,1
1527,slice4,spot1656,1
1528,slice4,spot1657,0
1529,slice4,spot1658,1
1530,slice4,spot1659,1
1531,slice4,spot1660,0
1532,slice4,spot1662,1
1533,slice4,spot1663,1
1534,slice4,spot1664,1
1535,slice4,spot1665,1
1536,slice4,spot1666,1
1537,slice4,spot1667,1
1538,slice4,spot1668,1
1539,slice4,spot1669,0
1540,slice4,spot1670,3
1541,slice4,spot1672,1
1542,slice4,spot1674,1
1543,slice4,spot1675,1
1544,slice4,spot1676,1
1545,slice4,spot1677,1
1546,slice4,spot1678,3
1547,slice4,spot1679,1
1548,slice4,spot1680,1
1549,slice4,spot1681,1
1550,slice4,spot1683,3
1551,slice4,spot1684,0
1552,slice4,spot1685,1
1553,slice4,spot1686,1
1554,slice4,spot1687,1
1555,slice4,spot1688,1
1556,slice4,spot1689,1
1557,slice4,spot1690,3
1558,slice4,spot1691,3
1559,slice4,spot1692,1
1560,slice4,spot1693,1
1561,slice4,spot1694,0
1562,slice4,spot1696,1
1563,slice4,spot1697,1
1564,slice4,spot1698,0
1565,slice4,spot1699,1
1566,slice4,spot1700,0
1567,slice4,spot1701,0
1568,slice4,spot1704,1
1569,slice4,spot1705,2
1570,slice4,spot1707,0
1571,slice4,spot1710,0
1572,slice4,spot1711,0
1573,slice4,spot1712,0
1574,slice4,spot1713,0
1575,slice4,spot1714,1
1576,slice4,spot1715,0
1577,slice4,spot1716,0
1578,slice4,spot1717,1
1579,slice4,spot1718,0
1580,slice4,spot1721,0
1581,slice4,spot1722,1
1582,slice4,spot1723,0
1583,slice4,spot1724,0
1584,slice4,spot1725,0
1585,slice4,spot1728,0
1586,slice4,spot1729,0
1587,slice4,spot1731,0
1588,slice4,spot1732,0
1589,slice4,spot1734,2
1590,slice4,spot1735,0
1591,slice4,spot1736,1
1592,slice4,spot1737,0
1593,slice4,spot1738,0
1594,slice4,spot1739,1
1595,slice4,spot1742,0
1596,slice4,spot1743,1
1597,slice4,spot1744,0
1598,slice4,spot1745,0
1599,slice4,spot1746,0
1600,slice4,spot1747,0
1601,slice4,spot1749,1
1602,slice4,spot1750,0
1603,slice4,spot1752,0
1604,slice4,spot1753,0
1605,slice4,spot1755,0
1606,slice4,spot1756,0
1607,slice4,spot1757,2
1608,slice4,spot1758,2
1609,slice4,spot1760,0
1610,slice4,spot1761,0
1611,slice4,spot1762,0
1612,slice4,spot1763,0
1613,slice4,spot1764,1
1614,slice4,spot1765,2
1615,slice4,spot1766,0
1616,slice4,spot1767,1
1617,slice4,spot1769,0
1618,slice4,spot1772,1
1619,slice4,spot1775,0
1620,slice4,spot1777,2
1621,slice4,spot1778,0
1622,slice4,spot1779,0
1623,slice4,spot1781,1
1624,slice4,spot1782,0
1625,slice4,spot1783,0
1626,slice4,spot1784,2
1627,slice4,spot1785,2
1628,slice4,spot1786,0
1629,slice4,spot1787,1
1630,slice4,spot1788,0
1631,slice4,spot1789,0
1632,slice4,spot1790,1
1633,slice4,spot1792,0
1634,slice4,spot1793,0
1635,slice4,spot1794,2
1636,slice4,spot1795,1
1637,slice4,spot1796,0
1638,slice4,spot1797,0
1639,slice4,spot1798,1
1640,slice4,spot1799,1
1641,slice4,spot1800,0
1642,slice4,spot1801,1
1643,slice4,spot1802,0
1644,slice4,spot1803,1
1645,slice4,spot1804,0
1646,slice4,spot1805,1
1647,slice4,spot1806,0
1648,slice4,spot1807,0
1649,slice4,spot1809,0
1650,slice4,spot1810,1
1651,slice4,spot1811,0
1652,slice4,spot1812,1
1653,slice4,spot1813,0
1654,slice4,spot1814,0
1655,slice4,spot1815,1
1656,slice4,spot1816,0
1657,slice4,spot1817,1
1658,slice4,spot1818,0
1659,slice4,spot1819,0
1660,slice4,spot1820,0
1661,slice4,spot1821,1
1662,slice4,spot1822,2
1663,slice4,spot1823,1
1664,slice4,spot1824,0
1665,slice4,spot1825,1
1666,slice4,spot1826,1
1667,slice4,spot1830,0
1668,slice4,spot1831,2
1669,slice4,spot1832,0
1670,slice4,spot1833,0
1671,slice4,spot1836,1
1672,slice4,spot1837,0
1673,slice4,spot1838,0
1674,slice4,spot1839,0
1675,slice4,spot1840,1
1676,slice4,spot1841,1
1677,slice4,spot1842,0
1678,slice4,spot1844,1
1679,slice4,spot1846,0
1680,slice4,spot1847,1
1681,slice4,spot1848,0
1682,slice4,spot1849,0
1683,slice4,spot1850,0
1684,slice4,spot1851,0
1685,slice4,spot1853,0
1686,slice4,spot1854,1
1687,slice4,spot1855,0
1688,slice4,spot1856,0
1689,slice4,spot1858,0
1690,slice4,spot1859,0
1691,slice4,spot1860,1
1692,slice4,spot1861,0
1693,slice4,spot1862,3
1694,slice4,spot1863,0
1695,slice4,spot1864,0
1696,slice4,spot1865,0
1697,slice4,spot1866,0
1698,slice4,spot1867,0
1699,slice4,spot1868,1
1700,slice4,spot1869,0
1701,slice4,spot1870,0
1702,slice4,spot1871,0
1703,slice4,spot1872,0
1704,slice4,spot1873,0
1705,slice4,spot1874,1
1706,slice4,spot1876,0
1707,slice4,spot1877,2
1708,slice4,spot1878,0
1709,slice4,spot1879,1
1710,slice4,spot1880,0
1711,slice4,spot1881,2
1712,slice4,spot1882,1
1713,slice4,spot1884,0
1714,slice4,spot1885,0
1715,slice4,spot1887,0
1716,slice4,spot1888,0
1717,slice4,spot1889,2
1718,slice4,spot1890,0
1719,slice4,spot1891,2
1720,slice4,spot1892,2
1721,slice4,spot1893,1
1722,slice4,spot1894,0
1723,slice4,spot1895,0
1724,slice4,spot1896,2
1725,slice4,spot1898,0
1726,slice4,spot1899,2
1727,slice4,spot1900,2
1728,slice4,spot1901,0
1729,slice4,spot1902,0
1730,slice4,spot1903,2
1731,slice4,spot1904,0
1732,slice4,spot1905,2
1733,slice4,spot1906,2
1734,slice4,spot1907,2
1735,slice4,spot1908,2
1736,slice4,spot1910,2
1737,slice4,spot1911,2
1738,slice4,spot1912,2
1739,slice4,spot1913,2
1740,slice4,spot1914,2
1741,slice4,spot1916,0
1742,slice4,spot1917,2
1743,slice4,spot1919,2
1744,slice4,spot1920,2
1745,slice4,spot1921,2
1746,slice4,spot1922,2
1747,slice4,spot1923,0
1748,slice4,spot1925,2
1749,slice4,spot1926,2
1750,slice4,spot1929,1
1751,slice4,spot1930,2
1752,slice4,spot1931,2
1753,slice4,spot1932,2
1754,slice4,spot1934,2
1755,slice4,spot1936,0
1756,slice4,spot1938,2
1757,slice4,spot1939,2
1758,slice4,spot1941,2
1759,slice4,spot1942,2
1760,slice4,spot1943,2
1761,slice4,spot1945,2
1762,slice4,spot1946,2
1763,slice4,spot1948,2
1764,slice4,spot1950,2
1765,slice4,spot1952,2
1766,slice4,spot1953,2
1767,slice4,spot1954,2
1768,slice4,spot1955,2
1769,slice4,spot1956,2
1770,slice4,spot1958,2
1771,slice4,spot1959,2
1772,slice4,spot1960,2
1773,slice4,spot1962,2
1774,slice4,spot1963,2
1775,slice4,spot1964,2
1776,slice4,spot1965,2
1777,slice4,spot1966,2
1778,slice4,spot1967,2
1779,slice4,spot1968,2
1780,slice4,spot1969,2
1781,slice4,spot1971,2
1782,slice4,spot1973,2
1783,slice4,spot1975,2
1784,slice4,spot1976,2
1785,slice4,spot1977,2
1786,slice4,spot1979,2
1787,slice4,spot1980,2
1788,slice4,spot1981,2
1789,slice4,spot1982,0
1790,slice4,spot1983,2
1791,slice4,spot1984,2
1792,slice4,spot1985,2
1793,slice4,spot1987,2
1794,slice4,spot1988,2
1795,slice4,spot1989,2
1796,slice4,spot1990,2
1797,slice4,spot1992,0
1798,slice4,spot1993,0
1799,slice4,spot1994,2
1800,slice4,spot1995,2
1801,slice4,spot1996,0
1802,slice4,spot1997,2
1803,slice4,spot1998,2
1804,slice4,spot1999,2
1805,slice4,spot2000,2
