,label,row,col
AAACAATCTACTAGCA-1,L1,3,43
AAAGACATGAAGTTTA-1,L1,0,92
AAAGGTAAGCTGTACC-1,L1,10,106
AAATTGCGGCGGTTCT-1,L1,5,19
AACACGCGGCCGCGAA-1,L1,6,34
AACCTAAAGCCGTCCG-1,L1,0,80
AACGCGAACGGCAACA-1,L1,8,22
AACGTAGTCTACCCAT-1,L1,1,41
AACTCGATGGCGCAGT-1,L1,11,27
AACTGGTGTGGGCCTT-1,L1,7,49
AACTTGCGTTCTCGCG-1,L1,14,20
AAGAAGGATCAGTTAG-1,L1,13,25
AAGACTAACCCGTTGT-1,L1,5,27
AAGACTCACGCCCACT-1,L1,1,95
AAGTAAGCTTCCAAAC-1,L1,0,40
AAGTTTACTAATGGCA-1,L1,5,61
AATATCAAGGTCGGAT-1,L1,8,42
AATCAGACTGCAGGAC-1,L1,5,23
AATCCATGCAAGGGTG-1,L1,8,26
AATGAGTTCGCATATG-1,L1,15,21
ACAAACCGACAAGGCG-1,L1,0,78
ACAAATTCAGATCTGA-1,L1,7,103
ACACTCCAATGTCACT-1,L1,17,17
ACATGGCTCAATTTAG-1,L1,8,14
ACCAAACTAGAAATCC-1,L1,3,67
ACCAGTGCCCGGTCAA-1,L1,9,103
ACCGGTCTGAGTACGG-1,L1,4,100
ACCGTTCCCGCTCTGA-1,L1,5,65
ACGAGAACCCATCACG-1,L1,8,34
ACGCCCAGCTGTCGAT-1,L1,3,71
ACGGCGGGTTGCCCTG-1,L1,5,31
ACTCAGACCTGCTTCT-1,L1,9,43
ACTGTATACGCGAGCA-1,L1,10,36
ACTGTTTAGTGTAGGC-1,L1,3,59
ACTTATCTGATCTATA-1,L1,0,32
ACTTGCCATATTGTAC-1,L1,4,56
AGAATGCGGGTTCGGA-1,L1,12,108
AGACATAGATCCTTCC-1,L1,7,47
AGACGGGATTGGTATA-1,L1,1,79
AGACGGGCCGATTTAA-1,L1,8,102
AGAGCTACGAAAGCAT-1,L1,10,16
AGCGGTTGAGATGTAC-1,L1,0,90
AGCGTACGAGAGCTAG-1,L1,8,24
AGCGTAGCGCTAGACC-1,L1,3,25
AGCGTCTGAACCCGCA-1,L1,6,36
AGCTTCAATACTTTGA-1,L1,0,76
AGGCAAAGAGGAATCA-1,L1,1,39
AGGCCCAGTGACTGGT-1,L1,9,15
AGGTCGCCACTTCGGT-1,L1,3,27
AGTACCTTCGAGTGCT-1,L1,10,108
AGTAGCGTGAACGAAC-1,L1,2,72
AGTAGCTAGACGCCGA-1,L1,4,102
AGTCACTCCGCCTCAT-1,L1,6,30
AGTTATTGAAAGGTAA-1,L1,2,74
AGTTCTGCGTTGTATC-1,L1,13,19
AGTTGCTGACTGATAT-1,L1,16,18
ATAAACCATTGGACGG-1,L1,3,45
ATACCAGCAAATTGCT-1,L1,4,60
ATACGCCGATCTACCG-1,L1,1,31
ATAGGAATCTAAGCTT-1,L1,5,103
ATCGCACGATTGTTCA-1,L1,7,17
ATCGTCCAATCGAGTC-1,L1,9,13
ATCTGATAGTGTCTTA-1,L1,16,12
ATGCATTCCGTGATGG-1,L1,4,52
ATGCGACAATTGGTCC-1,L1,13,109
ATGTGTAGTTTAGTCA-1,L1,5,59
ATTGATAGCAACGAGA-1,L1,12,22
ATTGTGACTTCGCTGC-1,L1,11,109
CAACAGAATAACGCTA-1,L1,1,93
CAACTTGTAGTGGGCA-1,L1,9,41
CAAGTGAACTTTGGTT-1,L1,6,54
CAATATGTAGATTTAC-1,L1,5,105
CAATATTGGACTAGTG-1,L1,8,18
CAATCCTGCCGTGGAG-1,L1,14,24
CAATGGTCGGCCTGGG-1,L1,6,56
CACATAAGGCGACCGT-1,L1,1,29
CACCCTTTCCTCGCTC-1,L1,8,40
CACGACCACAGACTTT-1,L1,1,99
CACGATTGGTCGTTAA-1,L1,0,50
CACTTCGTCTTATCTC-1,L1,14,14
CAGCCCTCACAGGCAG-1,L1,3,63
CAGGATCCGCCCGACC-1,L1,1,49
CAGTAGCGAGGTAGTA-1,L1,4,30
CAGTCTCTCGGCTAAT-1,L1,6,28
CATAATGAGCGGGCGA-1,L1,6,46
CATCCGCAGGCCCGAA-1,L1,15,15
CATGGAAATGGGACCA-1,L1,6,104
CATTCAGGTCAGTGCG-1,L1,5,21
CCAAAGTCCCGCTAAC-1,L1,3,37
CCACAGCTGAAATCAT-1,L1,8,28
CCAGCTACGCCTCATA-1,L1,9,35
CCATAGTCAGTAACCC-1,L1,15,17
CCATCTTGTTCACAAT-1,L1,7,41
CCCGCTAGAGGGTTAA-1,L1,0,82
CCCGCTTGCCCTCGTC-1,L1,2,40
CCCTGATGTAACTCGT-1,L1,14,16
CCCTTCTCGTACGCGA-1,L1,2,36
CCGATTGGTCAATGAA-1,L1,2,98
CCGCCACCACAATCCA-1,L1,4,66
CCGCTTCGCGGTTAAC-1,L1,2,38
CCTACAAGTCCGGAAT-1,L1,9,105
CCTCATGCAGCTACGA-1,L1,10,30
CCTCGACCCACTGCCT-1,L1,3,73
CCTGCGATAGAACTGT-1,L1,8,20
CCTGTGCGGATTGTAA-1,L1,3,99
CGAAGACTGCCCGGGA-1,L1,0,48
CGAATTACATGGTGTT-1,L1,2,94
CGAGATGTTGCCTATA-1,L1,2,32
CGAGGCCAGGCATTGG-1,L1,14,22
CGAGTGCTATAGTTCG-1,L1,10,38
CGATATTAGCCGCAGG-1,L1,7,35
CGCCACCCGCATTAAC-1,L1,6,18
CGCCCTTACATCCACC-1,L1,0,98
CGCGCAAGGAACTACA-1,L1,5,29
CGCGTCATATTAAACC-1,L1,2,64
CGCGTGCTATCAACGA-1,L1,1,27
CGCTACCGCCCTATGA-1,L1,2,42
CGCTGAGGACGTCCAA-1,L1,4,40
CGGCACTCAAGAAAGT-1,L1,12,28
CGGCTGCAAGATTAAG-1,L1,4,68
CGGGCCATAGCCGCAC-1,L1,14,18
CGGTTTATGAAGGAAC-1,L1,10,104
CGTACCGAAAGTCTAG-1,L1,10,12
CGTAGCGCCGACGTTG-1,L1,7,53
CGTGCTGGCCTAGTCG-1,L1,9,19
CTAAACGGGTGTAATC-1,L1,4,42
CTAAGTACAGGGCTAC-1,L1,6,102
CTACACTAGCTTGTTC-1,L1,4,38
CTACGTGTTGCCACCA-1,L1,6,24
CTAGATAAACTCCTCG-1,L1,7,25
CTAGCAACTAATTTAC-1,L1,2,28
CTAGGCGGCAGAGAAT-1,L1,4,32
CTCCGGCTTGTAGACA-1,L1,15,19
CTCCTAAGTTATGTCT-1,L1,12,30
CTCGAATGGAACGTAT-1,L1,6,100
CTCGAGATCCAAAGCA-1,L1,11,13
CTCTCGATGTGCGCCT-1,L1,4,62
CTGGCTCCTGCGGGAT-1,L1,7,27
CTGGCTGCTAACGTAA-1,L1,5,25
CTGGGCACTAGTCGGA-1,L1,1,97
CTGGGCGGCCAAATGT-1,L1,1,73
CTGGTTCAACGCATCA-1,L1,8,38
CTTATGTTGACTACCA-1,L1,13,27
CTTGAGGTTATCCCGA-1,L1,12,24
CTTGTCGTACGTGTCA-1,L1,2,34
CTTGTGAGTCTTTGAC-1,L1,10,34
CTTTGAAACATATTCC-1,L1,0,96
GAAATGGGATGTAAAC-1,L1,13,17
GAACCATCTGGGAGAC-1,L1,4,54
GAACTTAGCGCCCGGT-1,L1,5,101
GAAGACTTCAATGCCG-1,L1,3,65
GAAGCAAGGCAATGTT-1,L1,1,43
GAATCTATACTCGGAC-1,L1,2,76
GACCAGGTCATTCATA-1,L1,3,69
GACGCCTGTTGCAGGG-1,L1,11,31
GACGGACCGCGTTCCT-1,L1,4,58
GACTCGGTCGGCGGAT-1,L1,9,107
GAGACCCTGCAACGCC-1,L1,11,111
GAGGGCATCGCGTATC-1,L1,11,33
GAGGTCTTAGTGGGTC-1,L1,3,95
GATAAGGCAGATGCAA-1,L1,10,28
GATGATTTGAAACTGG-1,L1,0,34
GATGCCACACTACAGC-1,L1,0,38
GATGTCCGGATCACAT-1,L1,7,37
GATTAATCCTGGCTCA-1,L1,4,28
GATTGACACTCTGCTC-1,L1,5,63
GCAAGATGTGTTCGCG-1,L1,11,105
GCACTCCCACAGTCCC-1,L1,1,47
GCACTGTGCAAATGTA-1,L1,9,33
GCAGCGGTGGGCATTA-1,L1,7,31
GCAGCTATGGACAGGT-1,L1,13,113
GCCCATGGGTGCAATG-1,L1,0,88
GCCGCTAGATACGCAG-1,L1,2,96
GCCGGTTTGGGCGGAT-1,L1,2,30
GCCTGCTACACTGAGA-1,L1,8,106
GCGCGATGGGTCAAGT-1,L1,2,44
GCGGTAACCCAAATGA-1,L1,7,23
GCGTCCAGCTCGTGGC-1,L1,3,35
GCGTGTATGTCGTATT-1,L1,3,61
GCTCCGGACGTTGATA-1,L1,3,103
GCTGTCTGTGATCGAC-1,L1,1,91
GCTTCCAGCTTAGATT-1,L1,8,16
GGACGGCTTGCGCAAC-1,L1,7,101
GGAGGCGAAGAACCGC-1,L1,3,101
GGATACTCATGAATTG-1,L1,9,45
GGATCAAAGGACGAGG-1,L1,6,52
GGCATCAACGAGCACG-1,L1,5,51
GGCCACAAGCGATGGC-1,L1,4,44
GGCGCTCCTCATCAAT-1,L1,17,19
GGCGGTTTGCCGGTGC-1,L1,15,11
GGCTGGCTAGCTTAAA-1,L1,11,29
GGGAACCACCTGTTTC-1,L1,1,35
GGGTACCCACGGTCCT-1,L1,14,26
GGTCACGTTAGATTCA-1,L1,6,38
GGTGAAACCGGGAATG-1,L1,6,48
GGTGATTTCATCTTGT-1,L1,9,39
GGTGGACCACGTGTTA-1,L1,7,105
GGTTGTATCGTGAAAT-1,L1,1,51
GGTTTGACAAGAAGCT-1,L1,12,112
GTAACTTGCGGCAGTC-1,L1,10,40
GTACGACGGCGCTGCG-1,L1,12,26
GTACGTCACGTATTAA-1,L1,11,107
GTAGCGCTGTTGTAGT-1,L1,6,50
GTATAATCTCCCGGAT-1,L1,14,12
GTATATGTTACGGCGG-1,L1,6,20
GTATCTTGTTGCTCAC-1,L1,0,54
GTATGACGTGGGAAAC-1,L1,7,29
GTATTCTTACCGTGCT-1,L1,7,21
GTCAAAGTTTACATAG-1,L1,13,29
GTCACCTGTCTATGTC-1,L1,3,97
GTCCTTTAATGACTTC-1,L1,8,104
GTCTCGCCAACACGCC-1,L1,0,72
GTGCGCAGCTTGCTCC-1,L1,5,33
GTGCGCTTACAAATGA-1,L1,0,46
GTGGCGGGCCGTAGCT-1,L1,1,69
GTGTATGACTTTAAAG-1,L1,5,41
GTGTCCGATAAGGCAT-1,L1,4,98
GTGTGAGCCGAGGTGC-1,L1,1,33
GTTACGAAATCCACGC-1,L1,3,33
GTTACGGCCCGACTGC-1,L1,3,39
GTTCCAAGACAGCGAC-1,L1,4,26
GTTCGTTGCGGACCAG-1,L1,0,36
GTTTGAGCGGTTATGT-1,L1,0,42
GTTTGGCCGCTCAGCG-1,L1,12,32
TAAAGGAGAAACTAGT-1,L1,0,74
TAAGATTTAGCGGGAG-1,L1,4,36
TAAGTAAATGTGCCGC-1,L1,5,97
TAATTAGATGGATATG-1,L1,10,32
TACAAATTGCGGAGGT-1,L1,1,81
TACAAGCTGTTCACTG-1,L1,1,53
TACAATGAAACCAGCA-1,L1,1,45
TAGTCCGTATGCATAA-1,L1,15,13
TAGTGAGAAGTGGTTG-1,L1,3,41
TATCACAGCACGGGCA-1,L1,4,64
TATGATTCTGCTTGGT-1,L1,5,35
TATGGAGTTTCTCGTT-1,L1,6,32
TATTCCGGCAGTCCTA-1,L1,5,57
TCAACACATTGGGTAA-1,L1,11,35
TCACTATCGTGCAATC-1,L1,4,34
TCACTCAGCGCATTAG-1,L1,0,44
TCCATTAGTTGGATAG-1,L1,6,26
TCCCACGGAGGGAGCT-1,L1,1,75
TCCCGGTCAGGAATTT-1,L1,8,36
TCCCTCCGAAATCGTT-1,L1,2,26
TCGATAGGCTAGTCGC-1,L1,8,48
TCGCATTCAATGACTT-1,L1,9,37
TCGCCCAACTGACTCC-1,L1,9,109
TCGGGCACTTCTGGAT-1,L1,2,46
TCGTTGGCTCGTCAAT-1,L1,9,31
TCTCGGCTCCAGGACT-1,L1,13,23
TCTGCGTCCGGTTTCT-1,L1,15,23
TCTTATGGGTAGTACC-1,L1,0,52
TGACCCAACTCACATT-1,L1,0,30
TGAGCAGTCGTGAAGT-1,L1,5,39
TGAGGTTGATCCCAAG-1,L1,1,37
TGATTATGGCACGCAG-1,L1,13,111
TGCACTATGTGAGTGC-1,L1,17,13
TGCCATGGCTTATAAG-1,L1,4,96
TGCCTGACATCGGTCA-1,L1,16,20
TGCGGGTATTGGGATC-1,L1,1,71
TGCGGTCTACGAGTAA-1,L1,0,94
TGCTATACAAACGGAC-1,L1,5,55
TGCTTGAAACCATGCA-1,L1,9,17
TGGACCACGGCGTTGA-1,L1,7,19
TGGATAGAGTAACAGA-1,L1,10,14
TGGCACGAGCTCGAGT-1,L1,5,99
TGGCGGTGTGCGATTG-1,L1,7,43
TGGGCACAAACAGAAC-1,L1,8,46
TGTAACTTGTCAACCT-1,L1,3,31
TGTACGCTATCAGCTT-1,L1,0,84
TGTATCAGACTGAAGC-1,L1,10,110
TGTGATTCCAGCGCTT-1,L1,0,86
TTAAGGATACGGAGGT-1,L1,7,39
TTACGGTGTCACCGAG-1,L1,5,37
TTACGTAGCGCGTGCT-1,L1,2,100
TTACTGTTTCTCTACG-1,L1,2,68
TTAGATAGGTCGATAC-1,L1,13,21
TTATAGATGCACATTA-1,L1,5,53
TTATCATACTCGCAAA-1,L1,2,24
TTATGCGTCCCGGTCC-1,L1,7,45
TTCAGAGTAACCTGAC-1,L1,6,22
TTCCACATTTCTCGTC-1,L1,1,77
TTCCGGCTCGACTTCT-1,L1,12,110
TTCCTTTCTGTGTTGC-1,L1,11,25
TTCTTCCCTTTGATAT-1,L1,2,70
TTGCGGCGACTCATGC-1,L1,2,66
TTGCTAGCTACCAATC-1,L1,3,29
TTGGAGTCTCCCTTCT-1,L1,8,44
TTGTTTGTGTAAATTC-1,L1,7,51
AAACGAAGAACATACC-1,L2,6,64
AAACTCGTGATATAAG-1,L2,23,113
AAAGACCCAAGTCGCG-1,L2,10,48
AAAGTCACTGATGTAA-1,L2,10,52
AAATAAGGTAGTGCCC-1,L2,31,115
AAATGCTCGTTACGTT-1,L2,16,24
AACATCGATACGTCTA-1,L2,17,113
AACCATGGGATCGCTA-1,L2,14,30
AACCTGTCACGGAATT-1,L2,36,118
AACTGGGTTCGAGCCG-1,L2,3,89
AACTTCTGCGTCTATC-1,L2,18,18
AATAAGTCCTCGAGAC-1,L2,5,71
AATAATCTTCGTATCG-1,L2,52,122
AATAGCTACCGCGTGC-1,L2,19,111
AATCGGGACACTACGA-1,L2,8,60
AATCTGGGTAGACCCT-1,L2,4,94
ACAATTTGGCCATATT-1,L2,43,123
ACACCACATAATTAGC-1,L2,31,117
ACAGATTAGGTTAGTG-1,L2,7,57
ACATCTCAACGCGTAA-1,L2,4,74
ACCAGCCCGGTCTTTG-1,L2,4,72
ACCCTGGTAACGCCCT-1,L2,21,115
ACCGAAAGGGCCCTGC-1,L2,9,53
ACCGATAGGCATAACC-1,L2,60,118
ACCGATATTTAATCAT-1,L2,54,120
ACGCTTAGTGTCTCTC-1,L2,3,81
ACGGAATTTAGCAAAT-1,L2,15,27
ACGTGGTCGAATGTGC-1,L2,2,78
ACGTTCCGCGCTCCGT-1,L2,8,54
ACTAATACGTCAGGCG-1,L2,8,98
ACTATATGCTGTGTTC-1,L2,13,105
ACTGCGGACACACCGT-1,L2,37,119
ACTGTGCTAGTAGATC-1,L2,13,31
ACTTAGTACGACAAGA-1,L2,14,32
ACTTTGTCGACGCACT-1,L2,56,120
AGAACCCAGCGTGACA-1,L2,44,124
AGAATTGTTTGACATA-1,L2,17,23
AGACGCCCACTTCGCC-1,L2,60,120
AGAGTTAGAGACCGAT-1,L2,6,98
AGCCCTGTCGCACCGT-1,L2,41,121
AGCGCTAGAGCGATGT-1,L2,40,122
AGCGCTTATGGGCAAG-1,L2,8,96
AGCGGGAAGGGTCCAT-1,L2,13,37
AGCGTTCCGATTTAAA-1,L2,2,92
AGGCGATAACTGGCGT-1,L2,58,122
AGGCGTCTATGGACGG-1,L2,16,112
AGGGTCAGTAACCCTA-1,L2,15,113
AGGTAACCTCCTATTC-1,L2,13,41
AGTAACGTTCATCCTG-1,L2,5,91
AGTCAGCCACCGCCTG-1,L2,16,28
AGTCTGGACATCCTTG-1,L2,18,20
ATACCAGGCTAATAGA-1,L2,9,55
ATATCGTGCCAGACCC-1,L2,3,79
ATATTGGAGAGGCCTT-1,L2,59,121
ATCATCTGCCCAGTGT-1,L2,2,84
ATGAGGGCAGCGGCTA-1,L2,42,120
ATGGAACCTTTGCACA-1,L2,38,120
ATGGGAACGGAAGCGG-1,L2,4,88
ATGTTACGAGCAATAC-1,L2,15,29
ATTATCTCGACAGATC-1,L2,7,61
ATTCAGGATCGCCTCT-1,L2,1,87
ATTCCTAAGACGTGGA-1,L2,15,107
ATTGACCGGCGATGAC-1,L2,20,114
ATTGTTCAACGATCCG-1,L2,53,123
CAAACGTGGTCTTGCG-1,L2,4,78
CAAAGGTCATCTGAAA-1,L2,46,124
CAAATTGGATTATGCC-1,L2,22,116
CAATACGAGAGTCTGA-1,L2,44,120
CACAAGAAAGATATTA-1,L2,14,112
CACCTAATAGAGTCGT-1,L2,17,25
CACGTCAATCAATGGA-1,L2,62,116
CACGTCTATGATGTGG-1,L2,7,95
CAGAATATTCGTTATC-1,L2,50,124
CAGTGGTTGCACATGA-1,L2,16,22
CATACAAAGCCGAACC-1,L2,13,35
CATCTAGTGAAGGGAA-1,L2,45,121
CATGAACCGACATTTG-1,L2,11,43
CATGAACCTCTTATCA-1,L2,5,69
CATGCACGTGTTACTG-1,L2,3,91
CATGTAGGAGCGCCAA-1,L2,15,111
CATTACATAGATTGTG-1,L2,27,117
CATTCACTGACAGCTA-1,L2,5,67
CATTCCCATTCCGTCG-1,L2,32,118
CATTGCAAAGCATAAT-1,L2,1,83
CATTGCGGGTCAATTC-1,L2,25,115
CATTTCTAGCAGACTA-1,L2,16,26
CCAACGCTTGCCAGGG-1,L2,10,100
CCAACTTGATAGATCC-1,L2,47,123
CCACTATCCGGGTCAC-1,L2,30,116
CCAGGCTGGCGTCTGA-1,L2,56,122
CCCAAGAATGCACGGT-1,L2,2,88
CCGAAAGTGGTGAGCA-1,L2,17,27
CCGACTCGCATAGTCT-1,L2,4,76
CCGAGCTGTGCTTGTC-1,L2,18,112
CCGAGGGATGTTAGGC-1,L2,6,62
CCGCACACGAACGTGT-1,L2,45,123
CCGTACCCAAGCGCCA-1,L2,12,34
CCGTATTAGCGCAGTT-1,L2,17,111
CCGTGAGGCATTCATG-1,L2,36,120
CCTACGCGACCTTACA-1,L2,3,93
CCTGACGCAACCTTTA-1,L2,3,87
CGAGCGTTGATCAGCC-1,L2,12,46
CGCAGAAACATTTGCG-1,L2,8,58
CGCAGATCTTCACCCG-1,L2,25,113
CGCATCCATCAGCCAG-1,L2,28,116
CGCGAGAGGGACTTGT-1,L2,16,108
CGCGGTAAGTCTAGCT-1,L2,30,118
CGCGGTACGGTATACA-1,L2,62,118
CGCTATACCGCCCACT-1,L2,14,36
CGGATAAGCGGACATG-1,L2,19,17
CGGCTTTGTATGATAA-1,L2,8,56
CGGTTGGGTTCAAGTT-1,L2,8,100
CGTCAGTGCGCACAAG-1,L2,11,49
CGTGGAAGCCTCGTAC-1,L2,48,120
CGTGTGTTAAACCCTG-1,L2,32,116
CGTTGAGTAATTGCGT-1,L2,11,101
CTACGAACTAGGTCGA-1,L2,5,73
CTAGCCACAGGCGAGC-1,L2,59,117
CTATCGCGTAGAGAAC-1,L2,58,118
CTCAGGACTCACCTGT-1,L2,16,30
CTGAGCAAGTAACAAG-1,L2,15,25
CTGCACCTAGTCCACA-1,L2,29,117
CTGCTTTATGTCCGCG-1,L2,20,112
CTGGTCCTAACTTGGC-1,L2,7,65
CTTATAGATGGCTGTT-1,L2,61,119
CTTGACCCGAAAGATA-1,L2,9,57
CTTTGCTGTCATGGAT-1,L2,48,122
GAAATACTAAACGTTT-1,L2,18,22
GAAATATGCTTGAATG-1,L2,16,110
GAATAGCCCTGCGGTC-1,L2,18,110
GAATCGCCGGACACGG-1,L2,11,41
GACGTTCGTAAATACA-1,L2,24,116
GACTGATTGGTCACAA-1,L2,9,101
GACTGGGCGCCGCAAC-1,L2,6,94
GAGCACGGCGCCTCTT-1,L2,42,122
GAGCATCATCCCTGGG-1,L2,12,40
GAGCCACGGTAGTAGG-1,L2,9,47
GAGCCGAGCGTTTATT-1,L2,13,107
GAGCTCTCGGACCTAA-1,L2,15,33
GAGTATCAAAGTTACA-1,L2,57,121
GATGACGATGATCGCG-1,L2,19,113
GCAGAAGGTAATCTCC-1,L2,50,122
GCCACTCCTTACGGTA-1,L2,55,119
GCCCACCAAGGCTGTC-1,L2,12,38
GCCCAGATGCTGGAGA-1,L2,37,121
GCCGCACTCCGTTTCA-1,L2,43,121
GCCTATGCTGGGCCTT-1,L2,18,114
GCCTATTTGCTACACA-1,L2,8,50
GCGAGAGGCCATGTAA-1,L2,21,113
GCGCTAAGTATGCATG-1,L2,2,86
GCTAGCACCTGGGCCA-1,L2,39,121
GCTCCATGAGTGCAGA-1,L2,57,125
GCTGAACTCTCCAGGG-1,L2,40,120
GCTGGACCCAAAGTGG-1,L2,14,106
GGAATAACCTCAAGAA-1,L2,6,60
GGACCTACGGTAACGT-1,L2,17,109
GGACTCACAAATTAGG-1,L2,49,121
GGACTCTTCCGGTTGA-1,L2,57,123
GGCACTCAGCCGACCC-1,L2,55,123
GGCCCGGAGCATGTCT-1,L2,35,119
GGCTGAGCATCGTAAG-1,L2,9,99
GGGAGTAATGGCTGGC-1,L2,10,42
GGGCGCAGCGTTACTC-1,L2,34,120
GGGCGGTCCTATTGTC-1,L2,14,28
GGGTTCAGACGAACAA-1,L2,19,19
GGTAACTATGTATCTG-1,L2,12,44
GGTACTAAGTGCTTTG-1,L2,51,123
GGTCGGTAATTAGACA-1,L2,12,36
GGTGCAGAGCCTATCG-1,L2,12,104
GGTGGAGGTTGATACG-1,L2,44,122
GGTGTTCTGTTTCTAC-1,L2,4,90
GGTGTTGGGCGTCTTA-1,L2,49,123
GGTTCCACCCGCTTCT-1,L2,2,90
GGTTTAATTGAGCAGG-1,L2,26,116
GGTTTGAGTGCTGGAA-1,L2,12,42
GTAAGTCCACACTCTA-1,L2,43,119
GTACTGAGGTCGTAAC-1,L2,11,47
GTACTGCATGAAGCGT-1,L2,11,39
GTAGACAACCGATGAA-1,L2,7,55
GTAGACGTCGTTACAT-1,L2,13,39
GTAGCTAGTAAGCGCG-1,L2,2,80
GTATAGTGGCCCATGT-1,L2,4,92
GTATTTAATGGCATAA-1,L2,52,120
GTCGATAGGTGACTTT-1,L2,53,121
GTCGTCAATTATAAGG-1,L2,11,45
GTGAAACGTGCTCCAC-1,L2,11,37
GTGCAGCGTAGAGTAG-1,L2,52,124
GTTATATCAGGAGCCA-1,L2,23,115
GTTATCACCTTCTGAA-1,L2,6,58
GTTATTAAATACGACC-1,L2,3,85
GTTCCCGTAAACATAT-1,L2,59,119
GTTGCGCTAACATTAC-1,L2,41,119
TAAAGAGCCCGAAACC-1,L2,10,46
TAAATGCCGTCTCATG-1,L2,11,103
TAACCGCCCGCAGTGC-1,L2,9,49
TACACCGTCGTTAGTC-1,L2,25,117
TACATGCCGGAATTGT-1,L2,54,122
TACCATGTATTGATTT-1,L2,48,124
TAGTGGAACTCATACA-1,L2,3,83
TATTGACATTTCTGCC-1,L2,35,117
TCAGTTACGGAATGAT-1,L2,3,75
TCCAGATGTACGCCAA-1,L2,24,114
TCCCAGCACACGACAT-1,L2,56,124
TCCCGTCGCGTCATAG-1,L2,29,115
TCCCTAGATCAATAGG-1,L2,28,114
TCCGAACGTTGCCGCT-1,L2,51,121
TCCGAAGTAGTCACCA-1,L2,14,110
TCCGGAGGAAGGGCTG-1,L2,14,108
TCCGGCCTGCATCGAT-1,L2,2,82
TCCTATCATAGGTAAC-1,L2,46,120
TCCTGGCGCTGCCTGG-1,L2,12,106
TCGAGGGCAACAGACG-1,L2,57,119
TCGCATCCCTAAGTGT-1,L2,15,31
TCGGCTAACTTCCCTT-1,L2,3,77
TCGGTGACCGCTCCGG-1,L2,15,109
TCGGTTAGCCATGTAG-1,L2,5,95
TCTACACGTTCATGCA-1,L2,5,93
TCTATTACGCTGGCGA-1,L2,14,34
TCTGATCGGGTGCTAG-1,L2,34,118
TCTGTCATACAAGAGC-1,L2,10,44
TCTTTCCTTCGAGATA-1,L2,58,120
TGACCAGCTTCAAAGT-1,L2,7,97
TGAGATCAAATACTCA-1,L2,7,63
TGCACGAGTCGGCAGC-1,L2,6,66
TGCCGAAAGCGTATTC-1,L2,33,119
TGCGAGCCCTTCCGCG-1,L2,12,102
TGGAGCTAAAGTTCCC-1,L2,6,68
TGGTATCGGTCTGTAT-1,L2,7,59
TGGTTAAGGGCGCTGG-1,L2,26,114
TGTATCCTTATTCCAT-1,L2,10,50
TGTATTTACCTAATGC-1,L2,10,102
TGTTGCCGTCGTCCCA-1,L2,46,122
TTAAACCGGTAGCGAC-1,L2,8,52
TTAACGAACAAGCAGT-1,L2,22,114
TTAACGTCGCAAGACC-1,L2,10,54
TTAAGACGAACGAACC-1,L2,6,96
TTAATGCGAGGTAACT-1,L2,4,70
TTACTGTCTAGAGCTC-1,L2,19,115
TTATCCAATCGAACTC-1,L2,13,33
TTATTATCTGGAAGGC-1,L2,55,121
TTCCCGACGCTTCACT-1,L2,1,89
TTCGGACTGATGCCTT-1,L2,7,99
TTCGGCTAGAGATGGT-1,L2,18,24
TTCGGGTTGCCACGGG-1,L2,61,117
TTCGGTGGAGACGCCC-1,L2,47,121
TTCTTCGCAATAGAGC-1,L2,1,85
TTGAAAGGTGTAAAGG-1,L2,13,103
TTGAACGAATCCTTTG-1,L2,19,21
TTGACGATTCAGCACG-1,L2,9,51
TTGAGCGCCACGTGAT-1,L2,38,118
TTGAGTCCCGCTGCTG-1,L2,39,119
TTGATAGTCAATACAT-1,L2,27,115
TTGGCCATCTTGCGCT-1,L2,17,21
TTGGTATGGCTTGTGT-1,L2,33,117
AAACAAGTATCTCCCA-1,L3,50,102
AAACAGAGCGACTCCT-1,L3,14,94
AAACATTTCCCGGATT-1,L3,61,97
AAACCCGAACGAAATC-1,L3,45,115
AAAGACTGGGCGCTTT-1,L3,29,15
AAAGGGCAGCTTGAAT-1,L3,24,26
AAATAACCATACGGGA-1,L3,14,88
AAATAGCTTAGACTTT-1,L3,36,106
AAATCTAGCCCTGCTA-1,L3,53,101
AAATGATTCGATCAGC-1,L3,21,111
AAATGGCATGTCTTGT-1,L3,13,69
AAATTACACGACTCTG-1,L3,14,86
AAATTCCAGGTCCAAA-1,L3,35,115
AAATTTACCGAAATCC-1,L3,6,90
AACACGACTGTACTGA-1,L3,9,65
AACAGGAAATCGAATA-1,L3,15,67
AACAGGTAGTATGGAT-1,L3,49,113
AACCAGTATCACTCTT-1,L3,6,92
AACCCAGAGACGGAGA-1,L3,15,39
AACCCGAGCAGAATCG-1,L3,57,113
AACCCTGGTGGAACCA-1,L3,8,70
AACCGTTGTGTTTGCT-1,L3,12,64
AACCTTTACGACGTCT-1,L3,16,92
AACGATAGAAGGGCCG-1,L3,15,53
AACGCATGATCTGGGT-1,L3,20,104
AACGTGATGAAGGACA-1,L3,9,83
AACTACCCGTTTGTCA-1,L3,47,113
AACTCCTAATCCCATG-1,L3,12,92
AACTGATATTAGGCCT-1,L3,16,66
AAGAGATGAATCGGTA-1,L3,27,27
AAGAGGCCCTTTGGAA-1,L3,59,109
AAGCCGAAGCGGTTTA-1,L3,49,107
AAGCGGCGTCATGGGT-1,L3,9,97
AAGGATCGATCGCTTG-1,L3,39,109
AAGGCAGGCTGTCTCC-1,L3,42,118
AAGTAGAAGACCGGGT-1,L3,19,47
AAGTGCCTTGACTGTA-1,L3,44,104
AAGTTCAGTCTGCGTA-1,L3,18,104
AATACAATGTTTCAGG-1,L3,23,19
AATATCGAATCAATGC-1,L3,49,109
AATATCGAGGGTTCTC-1,L3,27,101
AATCCAAGGGCCTGAG-1,L3,13,47
AATCGCGCAGAGGACT-1,L3,42,114
AATCTATGCCGGAGCC-1,L3,26,110
AATGATGCGACTCCTG-1,L3,25,101
AATGCACCAAGCAATG-1,L3,19,97
AATGGTCCACCGTTCA-1,L3,30,16
AATGGTTCTCACAAGC-1,L3,19,35
AATTGCAGCAATCGAC-1,L3,64,102
AATTTGGGACATAGTA-1,L3,13,91
AATTTGGTTCCAAAGA-1,L3,11,67
ACAAAGCATGACCTAG-1,L3,63,97
ACAACGGTCCCTGCGA-1,L3,22,30
ACACACTTTCTACACG-1,L3,14,64
ACACCCGAGAAATCCG-1,L3,19,39
ACACCTTACTACTTGC-1,L3,41,111
ACACGGCACTATGCAT-1,L3,7,71
ACACGTAGGCCACAAG-1,L3,58,110
ACACTGGGACAGTCGT-1,L3,59,115
ACAGCATAGAGCCAGT-1,L3,10,58
ACAGCGACATTCTCAT-1,L3,59,99
ACAGCGCACCCGCAGC-1,L3,10,80
ACATCGTTAACCTAGT-1,L3,9,75
ACATGGCGCCAAAGTA-1,L3,40,104
ACCAACACCACACACT-1,L3,20,110
ACCAACCGCACTCCAC-1,L3,65,97
ACCAAGAACGCGTGTC-1,L3,17,49
ACCACAACTCAGAACA-1,L3,7,81
ACCACCAATGTAACAA-1,L3,41,107
ACCCACCTACATGCTC-1,L3,25,25
ACCCATTTGTCCCTCT-1,L3,60,100
ACCCTTCATCTGCGAA-1,L3,13,65
ACCCTTTAGTTCTCCA-1,L3,6,80
ACCGCGGTGGAAGTCG-1,L3,44,106
ACCTACAGTATGTGGT-1,L3,41,113
ACCTCCGCCCTCGCTG-1,L3,55,107
ACCTCCGTTATTCACC-1,L3,34,112
ACGAGATATTTGCTTA-1,L3,9,81
ACGAGTACGGATGCCC-1,L3,28,104
ACGATGGATCCGATGC-1,L3,10,70
ACGCAATCACTACAGC-1,L3,25,109
ACGCATACGTTTACTA-1,L3,56,102
ACGGAGCGCAAATTAC-1,L3,18,108
ACGTACAGATTTCTCT-1,L3,10,66
ACGTTCGCAATCAATT-1,L3,33,113
ACGTTTAGTTGTGATC-1,L3,14,68
ACTAGTTGCGATCGTC-1,L3,50,104
ACTATCCAGGGCATGG-1,L3,38,108
ACTATCTGCCCGCGTA-1,L3,53,113
ACTATTCGTCCGTGGT-1,L3,14,74
ACTCCCGAATTCGTTT-1,L3,32,104
ACTCTCTTATACACGA-1,L3,8,84
ACTGATTTAGTGATTC-1,L3,4,80
ACTTACCGGGCGCGCA-1,L3,11,95
ACTTGTGGATGGAACG-1,L3,52,108
ACTTTACCCTCATGAA-1,L3,32,106
AGAAATTATGACTCGC-1,L3,53,115
AGACCATGGGATACAA-1,L3,22,28
AGACCGCTCCGCGGTT-1,L3,51,111
AGAGCAGTTATGAGAC-1,L3,29,19
AGAGCCGCCGAGATTT-1,L3,58,112
AGAGCGGGCTAATCAT-1,L3,16,64
AGAGCGTACAAGCTCG-1,L3,24,28
AGAGGCTTCGGAAACC-1,L3,51,101
AGAGTAAACTTCACTA-1,L3,48,106
AGATACGACTTCATAT-1,L3,15,35
AGATCGTGCATAAGAT-1,L3,21,97
AGATGAGGGTTGCGAT-1,L3,14,98
AGATGATGGAGTCTGG-1,L3,34,106
AGCCCTAAGCGAAGTT-1,L3,15,65
AGCCCTTCTAATCCGA-1,L3,17,103
AGCCCTTGGACATCCC-1,L3,57,117
AGCTAGAAGCAGAAGT-1,L3,21,99
AGCTATTTAATCCAAC-1,L3,16,74
AGCTCCATATATGTTC-1,L3,57,109
AGCTCTTCCCAGTGCA-1,L3,18,88
AGCTCTTCGTAACCTT-1,L3,39,107
AGGACATCGCACGTCG-1,L3,16,38
AGGACGCTCGATGTTG-1,L3,18,98
AGGCACGTGACTGTCC-1,L3,57,115
AGGCCCATTGTACAGG-1,L3,15,55
AGGCTATGGTTAGCTT-1,L3,26,30
AGGCTTGCTAGACACC-1,L3,24,18
AGGGAAACGAGGTACT-1,L3,13,89
AGGGACCGGCTGCGTT-1,L3,36,110
AGGGAGACATACTTCG-1,L3,29,113
AGGGCAGCGGCGTGGT-1,L3,8,74
AGGGCGTGATCGGCTA-1,L3,17,45
AGGTACGATATTGCCA-1,L3,12,76
AGGTATAATTGATAGT-1,L3,35,109
AGGTCGCGGAGTTACT-1,L3,26,104
AGGTTACACCATGCCG-1,L3,43,115
AGTAATGTCTTGCCGC-1,L3,16,60
AGTACATCATTTATCA-1,L3,29,109
AGTACGTGGCCTGTCT-1,L3,6,88
AGTAGGAAGGAAGTTG-1,L3,16,98
AGTAGGTAACATACAT-1,L3,13,51
AGTATAATACTAGGCA-1,L3,25,33
AGTCCCGCCTTTAATT-1,L3,17,93
AGTCGGTTGCGTGAGA-1,L3,40,112
AGTCTAAAGTATACTC-1,L3,29,111
AGTGAGCCTCGCCGCC-1,L3,29,103
AGTGAGGGTTTCTGAC-1,L3,8,88
AGTGTATTGCGCATTG-1,L3,17,95
AGTGTGGTCTATTGTG-1,L3,21,23
AGTTAAGCGGTCCCGG-1,L3,16,80
AGTTACCGCACATGGT-1,L3,26,14
AGTTACTCTATCGTGG-1,L3,15,89
AGTTTCGCAGGTCGGA-1,L3,12,62
AGTTTGGCACGGGTTG-1,L3,48,102
ATAAACGTTGCACCAC-1,L3,57,107
ATAAAGGTCAAGTACG-1,L3,5,85
ATAAGTAGGATTCAGA-1,L3,27,103
ATAAGTAGGGCGACTC-1,L3,36,108
ATAATAGTGTAGGGAC-1,L3,18,30
ATACTACCCGTACCAC-1,L3,59,105
ATAGCAACTAGGGAAG-1,L3,62,98
ATAGTCTTTGACGTGC-1,L3,7,67
ATATACGCTCGTGACG-1,L3,62,108
ATATCAACCTACAGAG-1,L3,37,105
ATATCGGTAGGGAGAT-1,L3,38,110
ATATTCCCACAGGTCA-1,L3,11,59
ATATTGCTGTCAAAGT-1,L3,18,32
ATCAAACACTGTTCCA-1,L3,47,107
ATCAGGTCGCCATTGC-1,L3,8,94
ATCATAGCCCTATGTA-1,L3,62,106
ATCCACGCTAAATGTT-1,L3,5,83
ATCGCCAGTCAACATT-1,L3,45,105
ATCGCTGCGTGCAGCA-1,L3,23,111
ATCGGCAAGCAGTCCA-1,L3,20,96
ATCGTTCACTTTCGCC-1,L3,10,94
ATCTCCCACGGAATAT-1,L3,60,108
ATCTCGTGAGCGAAAC-1,L3,48,116
ATCTGTAATTGTACCC-1,L3,15,57
ATCTTATCGCACACCC-1,L3,64,104
ATCTTGACTTGTCCAA-1,L3,30,108
ATGACGCCGGCTCTAA-1,L3,16,58
ATGATCGGGAATAGAC-1,L3,16,54
ATGCCAATCGCTCTGC-1,L3,15,105
ATGCGAGTCCCACCAC-1,L3,48,104
ATGCTCAGTGTTGCAT-1,L3,21,29
ATGCTTAGGAGTTGAT-1,L3,56,112
ATGGCTGGAAATGGCC-1,L3,9,93
ATGTAAGGCTGCTCTT-1,L3,32,112
ATTAATTCGGTCACTC-1,L3,14,66
ATTACAACTACCGGCC-1,L3,11,87
ATTACATGTCAGTCTT-1,L3,50,108
ATTACCACACTGCCTG-1,L3,48,118
ATTACTAGCCTCTTGC-1,L3,18,44
ATTACTTACTGGGCAT-1,L3,22,100
ATTAGATTCCTCAGCA-1,L3,25,105
ATTATAGCTACTTTAC-1,L3,33,115
ATTCAACCATTTAAGG-1,L3,58,100
ATTCAGGACCTATTTC-1,L3,20,98
ATTCAGTAGCAGGGTC-1,L3,27,25
ATTCCCACATAAACAA-1,L3,26,24
ATTCGTGCTATCTCTT-1,L3,42,110
ATTCTCGTCTCTTTAG-1,L3,11,51
ATTCTGAGTATGAACT-1,L3,6,86
ATTCTTCGTACTTATG-1,L3,9,87
ATTGACGTAACTCGGT-1,L3,8,72
ATTGGATTACAGCGTA-1,L3,54,102
ATTGGGAATATCTTGG-1,L3,12,52
ATTGTCGCAATACCTT-1,L3,15,85
ATTTAACTCGTATTAC-1,L3,14,52
ATTTACTAAGTCCATT-1,L3,31,111
ATTTCATTATTTCGCG-1,L3,14,78
CAAACTACGATAGAGA-1,L3,12,84
CAAACTATTGAGCTTC-1,L3,11,75
CAAACTCGCGACGCCG-1,L3,45,111
CAAATTGTCAGCAAGC-1,L3,13,67
CAACCAGTGGCCTACC-1,L3,61,115
CAACCTACCGAGCAGT-1,L3,61,103
CAACGGTTCTTGATAC-1,L3,18,38
CAACGTGGTGGAGTCT-1,L3,55,113
CAACTATATCGAATGC-1,L3,15,79
CAACTCCAACGTTTAG-1,L3,4,86
CAACTCCTTGATCCCG-1,L3,18,46
CAAGGTCCTATAGGCT-1,L3,34,110
CAATCCCTATACCAGC-1,L3,12,88
CAATGGAATCTACATA-1,L3,9,91
CAATGTGCCAACCCTT-1,L3,37,115
CACACACGCTAACGAG-1,L3,55,103
CACACAGCTTGCGCTC-1,L3,47,115
CACACAGGGATAGATT-1,L3,25,27
CACACGTTTCAATGGG-1,L3,5,89
CACAGTCCCGCTTCGC-1,L3,60,112
CACAGTTCGCTTCCCA-1,L3,54,114
CACATTCTTTCGATGG-1,L3,18,90
CACATTTCTTGTCAGA-1,L3,44,108
CACCATCGGAGGAGAC-1,L3,11,61
CACCCAAATCTTATGT-1,L3,35,105
CACCGATACACCGAGC-1,L3,10,84
CACCGCCGACCAGCGA-1,L3,9,67
CACCGCGTCCACTCTA-1,L3,16,104
CACCGGAGATATCTCC-1,L3,7,93
CACCGTATCCCATCCG-1,L3,52,104
CACCTTGGCGCCTTTG-1,L3,43,103
CACGGCGCGCCAAAGG-1,L3,15,103
CACTACGGGAGCTGCC-1,L3,59,107
CACTACTCAGTTCTGT-1,L3,5,75
CACTCAGCTCTTGAGG-1,L3,11,71
CACTCCTCTCGGTCGG-1,L3,15,87
CACTCTTCTGCTAGCC-1,L3,59,101
CACTGTCCAAGTGAGA-1,L3,19,43
CACTTCGCCACAGGCT-1,L3,21,31
CAGAATAACACACGGA-1,L3,55,111
CAGAGTGATTTAACGT-1,L3,9,69
CAGATCATTTAAAGTC-1,L3,22,108
CAGCCGGGCCCTCTAT-1,L3,11,85
CAGCCTCTCCTCAAGA-1,L3,15,95
CAGCTCGTGCTTGTGT-1,L3,14,42
CAGGAAGACTTTATAT-1,L3,13,85
CAGTAACTATTTATTG-1,L3,19,101
CAGTAATCCCTCCCAG-1,L3,21,25
CAGTACATTCTCTAAA-1,L3,20,102
CAGTCGAGGATGCAAT-1,L3,25,99
CAGTGTCCGCAGAATG-1,L3,15,37
CAGTTCCGCGGGTCGA-1,L3,26,26
CATACTTAGGCAATAC-1,L3,37,113
CATAGCCGCCCGGGAT-1,L3,26,22
CATAGTACATTGAGAG-1,L3,15,77
CATAGTAGCATAGTAG-1,L3,19,45
CATATACTACTGATAA-1,L3,18,102
CATATTATTTGCCCTA-1,L3,9,79
CATCATCTACCCGGAC-1,L3,11,69
CATCGCCCGCGGCCAA-1,L3,14,44
CATCTATCCCGTGTCT-1,L3,18,100
CATGACTTCGCTGAAT-1,L3,40,106
CATGATGGAAGTTAGC-1,L3,45,103
CATGCATGGAGACCCT-1,L3,6,70
CATGCGTTAGACAGAA-1,L3,15,63
CATGCTGGCTCCAATT-1,L3,12,60
CATGGATTGTCTTCCG-1,L3,55,101
CATGGCAGGAAGATCG-1,L3,17,57
CATTTATCGTTCAAGA-1,L3,5,77
CCAAATAACAAGATTC-1,L3,51,113
CCAAGGAACAGAGAGG-1,L3,14,48
CCAATCGGTAGATCGA-1,L3,14,84
CCAATTACGGGTCGAG-1,L3,19,93
CCAATTGAATGTTAAT-1,L3,20,46
CCACATACTGCACCCA-1,L3,52,118
CCACGAATTTAACCTC-1,L3,41,109
CCACGGTGCCCGGTAG-1,L3,35,107
CCACTGTTTGGATTAA-1,L3,58,106
CCAGAGACAAAGCCGG-1,L3,23,21
CCAGCTTCCGCCCGCA-1,L3,29,17
CCATAAACAACCCGAC-1,L3,14,76
CCATACCTTTACTTGT-1,L3,30,102
CCATATGGAAACTATA-1,L3,53,103
CCATCCATACCAAGTC-1,L3,14,38
CCATGCTCTGCAGGAA-1,L3,21,43
CCCAACCACACTAACA-1,L3,8,66
CCCAGAGGAGGGCGTA-1,L3,21,105
CCCAGGTCTGAAGGCT-1,L3,53,111
CCCGAGTTTCTCCGTA-1,L3,48,108
CCCGCAGGGCCCAAAG-1,L3,11,79
CCCGCCATGCTCCCGT-1,L3,19,41
CCCGCGCAATGCACCC-1,L3,19,23
CCCGGTGGAAGAACCT-1,L3,25,21
CCCGTTTCGCAGATGT-1,L3,52,106
CCCTCATTCTGGAATT-1,L3,16,44
CCCTCCTCGCTCGTAT-1,L3,50,106
CCCTGGTATGGGCGGC-1,L3,6,72
CCCTTTAATGGAGTTC-1,L3,63,109
CCGAAGTATATTGTTC-1,L3,22,22
CCGACAATAGGCCGCC-1,L3,57,111
CCGACGTAAACACAAC-1,L3,13,97
CCGAGAAGTCGCATAA-1,L3,46,112
CCGCCGGTCAACACAC-1,L3,13,55
CCGCCGTTGAGGATAA-1,L3,45,119
CCGCCTGCGAATTGGT-1,L3,15,97
CCGCTCTTCCGAACTA-1,L3,63,99
CCGCTGGTGCCATTCA-1,L3,6,74
CCGCTTGCTGACATGG-1,L3,27,113
CCGGAATGGTTTCAGT-1,L3,24,32
CCGGCACGACCGTTTC-1,L3,35,111
CCGGCGCATATTGGAT-1,L3,14,56
CCGGGACCCGCAGAGA-1,L3,16,52
CCGGTAATGGCTAGTC-1,L3,38,114
CCGTAGGGTTGTTTAC-1,L3,60,104
CCGTGCCCATGACGGC-1,L3,12,48
CCGTGGAACGATCCAA-1,L3,24,106
CCTAAAGGCTGACGCT-1,L3,14,82
CCTAAATTGTATCCTA-1,L3,52,114
CCTAACTAAGGCTCTA-1,L3,21,93
CCTACGGCTCAGTCGA-1,L3,16,32
CCTAGTTAGTCGCATG-1,L3,12,72
CCTATGAAGTGGTGCC-1,L3,37,111
CCTCACCAATCTTGAC-1,L3,17,35
CCTCACCTGAGGGAGC-1,L3,28,102
CCTCCCGACAATCCCT-1,L3,9,63
CCTCGAAGTGGACGGG-1,L3,15,71
CCTCGCGCGATATAGG-1,L3,21,95
CCTCTGGCCTAGACGG-1,L3,15,75
CCTGCGTTCTACGCTT-1,L3,32,14
CCTGGAAACGTTCTGC-1,L3,39,113
CCTGTCCCTCACGTTA-1,L3,36,114
CGAAACATAGATGGCA-1,L3,11,77
CGAACGCCCAGTGCCG-1,L3,14,70
CGAAGCTATAAATTCA-1,L3,19,105
CGACATGCGATCTTCT-1,L3,8,64
CGACTTTGTATAGCCT-1,L3,33,109
CGAGAGGGTAGCCGCG-1,L3,56,104
CGAGATTTCGCTCGGG-1,L3,42,116
CGAGCACTTCAAGTTT-1,L3,23,25
CGATAATACTCAGGTT-1,L3,43,117
CGATGGACCCTACGCC-1,L3,22,96
CGCAATTACTTTCGGT-1,L3,23,33
CGCAATTCTACAATAA-1,L3,26,28
CGCAGGCGATCCAAAC-1,L3,52,102
CGCATCATGGCTTCAG-1,L3,9,85
CGCCCTTGAAGGCTGA-1,L3,24,20
CGCCGTTCAGCATAGT-1,L3,58,104
CGCCTTTAGCATGCTC-1,L3,45,117
CGCGAAGTGGCATACT-1,L3,64,96
CGCGGTCACAAACCAA-1,L3,18,106
CGCTATTCAATGTATG-1,L3,19,31
CGCTTCCACTGAAATC-1,L3,18,42
CGCTTTCATACCGGTG-1,L3,14,50
CGGAAATTTCACATCC-1,L3,4,82
CGGAGCTTATAACACC-1,L3,10,86
CGGCAATAAGATCGCC-1,L3,54,108
CGGCACCGTTAGCGCC-1,L3,11,89
CGGCCCAACCTGTAGT-1,L3,28,112
CGGCCCAGGTATATCC-1,L3,43,105
CGGCTCTAAAGCTGCA-1,L3,46,110
CGGCTCTTCGTCGAAC-1,L3,8,86
CGGGAATATAGTATAC-1,L3,47,105
CGGGTTTGTTAGGGCT-1,L3,56,114
CGGTATAGGTATTAGC-1,L3,11,99
CGGTGGGCTCCAGCCT-1,L3,15,99
CGGTGTACTTGATCCC-1,L3,17,31
CGGTTCAAGTAGGTGT-1,L3,24,98
CGTAGCGAATTGTCAG-1,L3,13,71
CGTCAAGGCTATAAAT-1,L3,30,14
CGTCATACCATATCCA-1,L3,20,20
CGTCTGGAAGGGCCCG-1,L3,16,62
CGTGACATTGGGTCGT-1,L3,15,83
CGTTAAACTAGTTAGG-1,L3,49,111
CGTTAGCTCACAACTG-1,L3,14,90
CGTTCTTCGCACACCT-1,L3,19,109
CGTTGTAAGATTGATT-1,L3,26,108
CGTTTAAGCGGAGCAC-1,L3,13,59
CGTTTCACTTCGGGCG-1,L3,18,92
CTAACTGATAATCGCC-1,L3,58,102
CTAATTCTCAGATATT-1,L3,27,105
CTAATTTCAACAACAC-1,L3,21,27
CTACACTCGCAGATGG-1,L3,57,101
CTACGCCATTTCCGAT-1,L3,12,80
CTAGACTGCATTTCGT-1,L3,10,96
CTAGATGTGAGTGTAA-1,L3,33,103
CTAGCCGATGTTATGA-1,L3,23,101
CTAGGTCTGAAGGAAT-1,L3,36,104
CTAGTATTCGGAATTA-1,L3,14,80
CTATAAGAGCCAATCG-1,L3,26,100
CTATGGGAAGCGGAAT-1,L3,54,104
CTATGTCTATTGAAAC-1,L3,11,55
CTATTGTGTTTGGTCA-1,L3,13,101
CTCAAGACATTAGCGC-1,L3,14,102
CTCATGGCTCACAATC-1,L3,13,63
CTCCCAATGAGTCGCG-1,L3,51,115
CTCCTGTTCAAGGCAG-1,L3,55,117
CTCCTTTACGCAAGTC-1,L3,23,109
CTCGATATTTGCGAGC-1,L3,23,99
CTCGGTCCGTAGCCTG-1,L3,18,50
CTCGTTTCTAATGTTT-1,L3,22,104
CTCTAATGCATTGATC-1,L3,24,110
CTCTGCGAAGCAAGCA-1,L3,12,50
CTCTGTTTGAGGATTC-1,L3,14,72
CTGAATTTATTGCCAG-1,L3,22,106
CTGACATAGAAATAGA-1,L3,51,119
CTGAGAAAGTTCGGCG-1,L3,49,117
CTGCAAGCACGTTCCG-1,L3,61,111
CTGCACCTGGAACCGC-1,L3,15,49
CTGCAGAGAATCAGAG-1,L3,61,101
CTGCCTAGCCACCAAG-1,L3,8,80
CTGCGGTAGTCACGTG-1,L3,10,92
CTGCGTTACGATATAA-1,L3,16,90
CTGCTGTCTAACGAGC-1,L3,49,119
CTGGCGGGAATAAGTA-1,L3,20,22
CTGGGATACGCTACCC-1,L3,37,117
CTGGTAAAGTGTGGGC-1,L3,60,114
CTGTATGGTGTAGAAA-1,L3,20,32
CTGTCACGCCAGGCGC-1,L3,10,98
CTGTTCATCTCACGGG-1,L3,22,34
CTTAACTTCGAAGTAC-1,L3,11,63
CTTACACTGGGAAATA-1,L3,16,48
CTTCATAGCTCAAGAA-1,L3,19,37
CTTCGGCCAATTGTTT-1,L3,50,110
CTTCTTACGTCGTATA-1,L3,14,60
CTTGTTTATGTAGCCA-1,L3,18,28
GAAACAGCCATGCAGT-1,L3,13,61
GAAACCATGGTGCGCT-1,L3,27,109
GAAACTCGTGCGATGC-1,L3,28,24
GAAACTCTAATGAAGG-1,L3,13,73
GAAAGTGACTAACTGC-1,L3,25,31
GAAATACCTGCTGGCT-1,L3,7,85
GAAATTAGCACGGATA-1,L3,18,96
GAAATTCACATCGCTG-1,L3,13,49
GAACGCGGGTCACACG-1,L3,48,114
GAAGAACGGTGCAGGT-1,L3,14,40
GAAGTGCTGGATAGCT-1,L3,15,61
GAATAGCATTTAGGGT-1,L3,46,118
GAATATTCGGAGTCCC-1,L3,13,83
GAATGCCGAAATGACC-1,L3,21,17
GAATGTATGGCAGGTC-1,L3,15,91
GACAAGAGATGAGATT-1,L3,56,116
GACACGAGTTAGAGGA-1,L3,19,25
GACACTGGAACCCGAT-1,L3,52,110
GACCAAACGTTGACTG-1,L3,58,108
GACCCGTCGCCGGCTA-1,L3,9,59
GACCGACGTGAAAGCA-1,L3,38,112
GACCGCGTCTGACGTG-1,L3,50,112
GACCGTCAGGTCGTGA-1,L3,13,81
GACGAGGCTAATAAAC-1,L3,56,100
GACTAACACAGCACCT-1,L3,8,90
GACTACAATTGCTCGT-1,L3,8,82
GACTCACCCACGTGAG-1,L3,38,106
GACTCCCAGAATAAGG-1,L3,27,111
GACTGCGGCACGTGTA-1,L3,27,15
GAGCGAGGGAGTACCG-1,L3,14,58
GAGCGCAAATACTCCG-1,L3,51,107
GAGCTGTCGTCTCGGA-1,L3,20,108
GAGGATAAACAGTGCT-1,L3,40,114
GAGGCCTGTTGATACA-1,L3,63,107
GAGGTACATCCATCTT-1,L3,12,68
GAGGTCCCAAAGATCT-1,L3,18,26
GAGTAAACCGGAAAGT-1,L3,51,117
GAGTACGGGTATACAA-1,L3,15,43
GATAAATCGGTGGATG-1,L3,15,41
GATATCTCATGCAATA-1,L3,12,58
GATATGCGGTAGCCAA-1,L3,19,91
GATATGGATTACGCGG-1,L3,28,18
GATATTTCCTACATGG-1,L3,17,89
GATCCTCTTGCGCTTA-1,L3,7,83
GATCTCGACGCTGTGG-1,L3,50,118
GATGCCAGCAGAAGGC-1,L3,23,17
GATGCTACAAGCGCCT-1,L3,17,51
GATGGCGCACACATTA-1,L3,19,29
GATGGTGCCCTAGGCA-1,L3,10,78
GATGTCGGTCAACTGC-1,L3,9,73
GATGTGTTGTCACAAG-1,L3,6,78
GATGTTTGTGCGAGAT-1,L3,20,30
GATTCCGCGTTTCCGT-1,L3,16,76
GATTCCTATACGGCGC-1,L3,25,23
GCAAACGTCGCCAGGT-1,L3,47,117
GCAACAGCAGTATGCG-1,L3,46,106
GCAACCACCAGACCGG-1,L3,14,92
GCAACGGCTAGTTATG-1,L3,43,113
GCACAAACGAGGCGTG-1,L3,46,114
GCACAAGTGTCGGAAG-1,L3,10,64
GCACGTGGTTTACTTA-1,L3,64,106
GCACTAGTCGCGCTAT-1,L3,13,43
GCAGCCTATATCACAT-1,L3,35,113
GCAGGTAGAGTATGGT-1,L3,18,94
GCAGTTCGATCCGAGC-1,L3,56,118
GCATCCCTAACTTTGA-1,L3,16,42
GCATCGGCCGTGTAGG-1,L3,49,103
GCATTCAAGGCAACGC-1,L3,28,108
GCATTCGAAATGAACA-1,L3,28,14
GCATTTCCAAGGCTCC-1,L3,33,111
GCCAACCATTTCCGGA-1,L3,26,106
GCCAATAGGGCATCTC-1,L3,25,103
GCCAGGCGTTCGCATG-1,L3,9,89
GCCATCGATGCTGCAT-1,L3,32,110
GCCCAGTTGGTATGCC-1,L3,22,38
GCCCGCGCGTTTGACA-1,L3,20,40
GCCGTGGAAGAAATGT-1,L3,39,115
GCCTAGCGATCTGACC-1,L3,20,42
GCCTATTCCGATATAG-1,L3,24,30
GCCTCCGACAATTCAC-1,L3,60,98
GCCTTCAGCCCTACCG-1,L3,16,50
GCGAAACGATCGGGAG-1,L3,54,100
GCGACATGTAAACATC-1,L3,37,107
GCGAGAGTTGCGTCCA-1,L3,33,107
GCGAGCGCATGCTCCC-1,L3,37,109
GCGATTCTGGAAGCAG-1,L3,10,74
GCGCCTCCCACTCCGA-1,L3,48,110
GCGCTGATCCAGACTC-1,L3,17,87
GCGGGAACCAGGCCCT-1,L3,18,48
GCGGTCCCTAGACGCA-1,L3,13,45
GCGGTGAACTGCGCTC-1,L3,20,94
GCGTTATATTTGGAAC-1,L3,31,13
GCGTTCGGAGACCGGG-1,L3,19,103
GCTAAACCTGAGGTGA-1,L3,23,23
GCTACAATCGAGGATA-1,L3,62,104
GCTAGACCGTCTACTG-1,L3,42,104
GCTAGCAGGGAGTGGG-1,L3,15,101
GCTAGTTTCATTGAGG-1,L3,17,37
GCTATCGCGGCGCAAC-1,L3,20,24
GCTCATTACTGCATGT-1,L3,13,93
GCTCCCAGTCGGTCCA-1,L3,43,109
GCTCCGCTCGCTTCAG-1,L3,42,112
GCTTACGTAGTTAGTA-1,L3,36,112
GCTTGATGATAATCAG-1,L3,22,36
GGAAACCTTGTTGAAT-1,L3,20,106
GGAAACTAAATGGGCC-1,L3,60,102
GGAACGGCCTGCAGCC-1,L3,25,15
GGAACTTTGGCGATTA-1,L3,60,110
GGAAGCTCGCTTACAG-1,L3,11,83
GGACACAAGTTTACAC-1,L3,47,111
GGAGCAACATTTCAAG-1,L3,57,103
GGAGGATTGAAAGGAG-1,L3,7,73
GGAGGCCGAAGTCGTC-1,L3,40,116
GGAGGGTCAAGTAAGA-1,L3,62,114
GGATCATCCCGTACGC-1,L3,17,101
GGATTAAGCTAAGGTC-1,L3,7,87
GGATTCAGTACGGTGG-1,L3,19,33
GGCAGCAAACCTATGC-1,L3,51,103
GGCAGCGGTAATCCTA-1,L3,14,100
GGCATATCGGTTCTGC-1,L3,17,83
GGCCTGCTTCTCCCGA-1,L3,59,113
GGCTAAAGGGCGGGTC-1,L3,19,99
GGCTCGTGCCACCAGC-1,L3,20,38
GGGAATGAGCCCTCAC-1,L3,19,107
GGGCGTCCACTGGCTC-1,L3,16,84
GGGTCGTGGCAAGTGT-1,L3,25,107
GGGTCTATCGCTTTCC-1,L3,63,113
GGGTGCATATGAAAGC-1,L3,30,112
GGGTGGTCCAGCCTGT-1,L3,7,69
GGGTTTAGGATAGGAT-1,L3,43,107
GGTAAATGTGCGTTAC-1,L3,11,81
GGTACCATTAAGACGG-1,L3,29,105
GGTATAGTGACACATA-1,L3,34,114
GGTCAAGACTACTTCG-1,L3,53,105
GGTCGGATAAACGGCG-1,L3,23,97
GGTCTCCGTCCAGGTT-1,L3,63,101
GGTGAGATGCAGATAA-1,L3,16,36
GGTGCGGATAAGTGGC-1,L3,16,46
GGTGCTGATCACAAAG-1,L3,27,21
GGTTAGTTACGGCGCC-1,L3,27,23
GGTTCTACTCGTCTGA-1,L3,39,105
GGTTTAGCCTTTCTTG-1,L3,46,102
GGTTTGTGACCTGAGG-1,L3,61,105
GTAACATCTAAGATAA-1,L3,56,110
GTAAGGATTTGTCGGA-1,L3,10,68
GTAATAAAGGGCTCCC-1,L3,31,103
GTACTCCTGGGTATGC-1,L3,26,102
GTACTTGGGCACTTCT-1,L3,17,33
GTAGAAACGGGTGGAG-1,L3,24,16
GTATCAGCTTGGGTTC-1,L3,20,34
GTATTAAGGCGTCTAA-1,L3,20,26
GTCACAAAGTTTCCAA-1,L3,9,61
GTCACTCTCCAAATCT-1,L3,23,31
GTCAGTTGTGCTCGTT-1,L3,9,71
GTCAGTTTGGTAGTCG-1,L3,29,13
GTCATGCGCGAGGGCT-1,L3,64,98
GTCATTGCATTGACCC-1,L3,31,17
GTCCATTACTGCTACG-1,L3,42,106
GTCCTTCTAGTGGGTT-1,L3,10,82
GTCGTATTGGCGTACA-1,L3,19,95
GTCGTGTCTGGTCATC-1,L3,28,110
GTCTCGACTAAGTTTG-1,L3,25,111
GTCTTAGTACAGCCGG-1,L3,12,78
GTCTTGAGGAGCAGTG-1,L3,38,116
GTCTTGTAGCTATTCA-1,L3,44,112
GTGAACTCCCATTCGA-1,L3,30,104
GTGAAGATTTCAAGTG-1,L3,21,103
GTGAAGCCGTATAGTC-1,L3,21,107
GTGACGAGGGTGACCC-1,L3,32,114
GTGAGGAGCGGTTGAG-1,L3,13,87
GTGATGCACAACATCT-1,L3,12,96
GTGCAACAAATGTGGC-1,L3,14,62
GTGCCTCAGTGTACGG-1,L3,11,93
GTGCTTACATCAGCGC-1,L3,46,116
GTGGAACCTACATGCG-1,L3,15,81
GTGGACGTGCTGAGAC-1,L3,17,39
GTGGTCAGCGAAGTAT-1,L3,8,92
GTGGTTACTTCTTTCG-1,L3,31,105
GTTAACTATGTTGTCA-1,L3,43,111
GTTAAGTTAGAGTGGG-1,L3,36,116
GTTAGAGTGTGCCGCT-1,L3,7,75
GTTAGCCGTAAATCAA-1,L3,30,110
GTTATAATACGGTGAA-1,L3,53,107
GTTATTAACGTGGGAG-1,L3,22,18
GTTCAATCTATGTCAA-1,L3,4,84
GTTCATCGTTTGGCTG-1,L3,33,105
GTTCCAGTCTGACCAT-1,L3,17,53
GTTCGCTGAGACGTCT-1,L3,53,109
GTTCGGATCGGGAACA-1,L3,44,110
GTTCGGGCGTACCATT-1,L3,32,108
GTTCTTCCCTCGATGT-1,L3,15,51
GTTGCGGACGGTCAGG-1,L3,53,119
GTTGGATTCAGTGGCT-1,L3,16,96
GTTGTCGTGTTAGTTG-1,L3,15,47
GTTTCAAACGAGTTGT-1,L3,61,109
TAAAGACAACCCTTTA-1,L3,40,118
TAAAGCTGCAATAGGG-1,L3,17,97
TAAATGAATCCGTTTC-1,L3,23,29
TAACAAAGGGAGAAGC-1,L3,21,35
TAACAATATTTGTTGC-1,L3,28,16
TAACCTAGGGAGTCCA-1,L3,60,106
TAACTATCGAAGGTCC-1,L3,24,34
TAACTATTACGCCAAA-1,L3,29,107
TAACTCCATGGAGGCT-1,L3,19,27
TAAGGAACTTGTGGGA-1,L3,16,40
TAATAAACAAGGAGAT-1,L3,17,91
TAATATTGAAATTCGC-1,L3,17,47
TAATGAAAGACCCTTG-1,L3,25,17
TAATTACGTCAGTAGA-1,L3,62,102
TAATTAGGACATCCGT-1,L3,42,108
TAATTGGAATCGGGAA-1,L3,17,105
TACCAGCTAGGTTTAA-1,L3,11,65
TACCTCACGCTTGTAC-1,L3,16,56
TACCTGCTGCACTGTG-1,L3,28,22
TACGCTATAGAAACCT-1,L3,34,104
TACGCTCGGTATTGGA-1,L3,61,113
TACGTAAAGCGGAGTG-1,L3,63,103
TACGTGCACTATGCTG-1,L3,21,33
TACTCTTACTTTACTG-1,L3,59,111
TACTGCAATCAATTAC-1,L3,22,102
TACTGTTTCTCTGGTA-1,L3,47,119
TAGAAACCACTAAGTA-1,L3,5,79
TAGAATAGCCGATGAA-1,L3,62,100
TAGAATTAAGGGCAAC-1,L3,10,76
TAGACTACCTAGCGTT-1,L3,38,104
TAGAGCTACGAAGAAC-1,L3,13,53
TAGATCCGAAGTCGCA-1,L3,10,72
TAGCAACCTGTCACAA-1,L3,22,26
TAGCGTCCCTCGATTG-1,L3,45,109
TAGGAACAGCCTCCAG-1,L3,5,87
TAGTACCTTAGTGGTC-1,L3,21,21
TAGTCTGTGACGTTGC-1,L3,23,103
TAGTCTTTCCGAATTG-1,L3,50,116
TAGTGTCAGAAACGGC-1,L3,21,19
TAGTTAAGATAGGATA-1,L3,12,82
TAGTTTATTCTTGCTT-1,L3,13,57
TATAAATCCACAAGCT-1,L3,20,44
TATAAGTGAGGATAGC-1,L3,21,39
TATACACGCAAAGTAT-1,L3,18,36
TATACCGAGTGCCACA-1,L3,50,120
TATACTCATGCGGCAA-1,L3,20,18
TATATTACAAATGTCG-1,L3,17,107
TATATTCGCGTCGATA-1,L3,8,62
TATCACCATGTAAAGT-1,L3,9,95
TATCACCCAACCGACC-1,L3,24,100
TATCACTTCGAGTAAC-1,L3,17,99
TATCCTGCATGGGAAT-1,L3,14,54
TATGAAGACAGGTGCG-1,L3,29,21
TATGATAAATCTAACG-1,L3,6,82
TATGATCCGGCACGCC-1,L3,26,112
TATGGTTAGTGGGAGA-1,L3,41,105
TATGTCAAGACCGACT-1,L3,20,92
TATTTATACCGAGTAG-1,L3,16,78
TATTTGATTTGCACAG-1,L3,54,118
TCAACTGCAGAGTCAG-1,L3,56,108
TCAAGAAATACTAGCT-1,L3,34,108
TCAAGCGCGGACGGTA-1,L3,58,114
TCAAGGTTACTACACC-1,L3,47,103
TCACATCTTATCTGAT-1,L3,28,20
TCACTACGACCAATGC-1,L3,13,95
TCACTCGTGCAACGGC-1,L3,15,93
TCAGAACCTCCACAGG-1,L3,30,106
TCAGCCAATCCGTAAA-1,L3,63,105
TCAGGGTGCACGAAAC-1,L3,7,89
TCATACTTACAGATCC-1,L3,22,24
TCATCACTCGAGCTCG-1,L3,17,29
TCATCCCAGAGGGTGG-1,L3,12,70
TCATTTAGAAGTGTGA-1,L3,54,110
TCCAGCGCTATAAGCG-1,L3,52,116
TCCATTGTGACCTCGT-1,L3,8,76
TCCCAAACAGACAACG-1,L3,22,110
TCCCAAAGCCCTAAAT-1,L3,39,117
TCCCACTCTCTTCCGG-1,L3,31,107
TCCGAATGGTCCTGAG-1,L3,31,113
TCCTCTGGCCCATTAG-1,L3,10,88
TCCTGCCAACTGGAGA-1,L3,12,90
TCCTTCAGTGGTCGAA-1,L3,15,69
TCGCATAAAGGGCGCA-1,L3,63,111
TCGCGTAGCAGTGTCC-1,L3,57,99
TCGCTAAACCGCTATC-1,L3,19,89
TCGCTCGGCACCAGCG-1,L3,24,108
TCGCTGTGCGTAAATC-1,L3,17,41
TCGGAATGACCATCAA-1,L3,6,76
TCGGCGAACCCAAACC-1,L3,49,105
TCGGGAACGTGCCTAG-1,L3,31,109
TCGGGTGAAACTGCTA-1,L3,10,56
TCGGTCCCTGACTCCA-1,L3,10,90
TCGTAAGCTCCGAGGA-1,L3,16,106
TCGTATAGTGCAATTA-1,L3,12,56
TCGTATTTCGTCCGGA-1,L3,5,81
TCGTCACACTGTTAGC-1,L3,27,19
TCGTCCGCTGGCGTCT-1,L3,22,40
TCGTGTATTGGTCACG-1,L3,53,117
TCGTGTTCGACCACAA-1,L3,57,105
TCGTTCGTTATTATGT-1,L3,10,62
TCTACCCAATAGAGAG-1,L3,56,106
TCTATCATGCAGTTAC-1,L3,18,40
TCTCGAACGAGGTCAC-1,L3,12,94
TCTCGACGTATCGCCG-1,L3,45,113
TCTCGAGGAGGTTCGC-1,L3,52,112
TCTCTCGCCGCACATA-1,L3,55,115
TCTGAACCGGTCGGCT-1,L3,21,37
TCTGAGCAATTGACTG-1,L3,54,112
TCTGCATACCTTGCTT-1,L3,61,99
TCTTACAGAGGTACCG-1,L3,15,45
TCTTACGGCATCCGAC-1,L3,25,29
TCTTAGAGCTCCAATT-1,L3,40,108
TCTTCGCGGTGAGAGG-1,L3,60,116
TCTTCTATAACCCGCC-1,L3,45,107
TCTTTAGAGTCTAACA-1,L3,50,114
TCTTTAGCAGGCGAAC-1,L3,34,116
TCTTTCTCTTAAGGAG-1,L3,7,79
TGAAACTTATGCAAGC-1,L3,11,73
TGAATGTCAGCCGGCC-1,L3,47,109
TGACACTTCTCTTTGC-1,L3,16,102
TGAGATTAGGCCCTAA-1,L3,16,94
TGAGTTAAAGACATTC-1,L3,48,112
TGATCCCAGCATTAGT-1,L3,27,107
TGATCTACGCTGATCT-1,L3,16,100
TGATGGCTGTTTCTGA-1,L3,30,114
TGATGTCAATTAAGTG-1,L3,59,103
TGATTTCCTCCTGACG-1,L3,16,34
TGCAATTTGGGCACGG-1,L3,14,104
TGCACAGTGAAGTTAT-1,L3,12,100
TGCCTAATTGAAGATT-1,L3,55,105
TGCGGCATAGTTCAAC-1,L3,12,54
TGCGGTGAAATTTCAT-1,L3,12,66
TGCTGGTTGGACAATT-1,L3,21,41
TGGAACCACTGACACA-1,L3,24,102
TGGAAGACGAACACCA-1,L3,14,46
TGGAATATCCTTGACC-1,L3,23,107
TGGAATTAGACGCTTT-1,L3,26,18
TGGCAATGGGACGGCG-1,L3,54,106
TGGCTACACTCTACCT-1,L3,64,100
TGGGAAATGCCTTTCC-1,L3,23,27
TGGGATGCACTCATTC-1,L3,12,98
TGGGCAATAGTTGGGT-1,L3,46,108
TGGGCACGTTCTATGG-1,L3,15,73
TGGGCAGGCCACCGCA-1,L3,54,116
TGGGTAAGGTTCCCGC-1,L3,13,79
TGGTATCGCATCCCAA-1,L3,8,68
TGGTGATCGTATTTGT-1,L3,26,16
TGGTTGGAGGATCCTG-1,L3,11,91
TGGTTTAAACGTGGGT-1,L3,24,112
TGTAGCCATCCCATTC-1,L3,62,112
TGTCATTTGTTGGGAA-1,L3,21,109
TGTCCCGACATAGCAC-1,L3,11,57
TGTCCGTGGCGCCTTT-1,L3,30,18
TGTCTACAGTTTCTGT-1,L3,11,53
TGTGGCTCCCACCAAC-1,L3,44,118
TGTGTAGTAGCACGTG-1,L3,58,116
TGTTTAATACTTCATC-1,L3,9,77
TGTTTGAGATCGTCAG-1,L3,49,115
TTAACACCTCGAACAT-1,L3,24,22
TTAAGCCGACAACTTC-1,L3,13,77
TTACACGATCTGCGAC-1,L3,62,110
TTACATCGTGGCCTGG-1,L3,20,36
TTACATGCCACAACTA-1,L3,41,103
TTACCCATTGCCGGGT-1,L3,17,85
TTACCCTAACAGTCCT-1,L3,24,24
TTAGACACGATCGTTG-1,L3,16,86
TTAGCAACATGGATGT-1,L3,20,28
TTAGCTAATACGATCT-1,L3,22,98
TTAGCTCTGTAATCCG-1,L3,31,15
TTAGTTCAAGTGTTCG-1,L3,22,112
TTATCGCCTGCGAAGC-1,L3,27,17
TTATGTTTGCGATAGA-1,L3,26,20
TTATTAGGGAAGCATC-1,L3,15,59
TTCAAGCCGAGCTGAG-1,L3,13,75
TTCAATTAGCCATAAT-1,L3,7,77
TTCCAGACGAGATTTA-1,L3,39,111
TTCCATCATGCGGTGA-1,L3,13,99
TTCCATCGACAGCGTG-1,L3,61,107
TTCCGCAGAGAAATAT-1,L3,21,101
TTCCGGTATCTGTGTC-1,L3,41,115
TTCGCTAGGAAGTTGT-1,L3,41,117
TTCGCTATCTGACGTG-1,L3,20,100
TTCGGCAACCCGCTGA-1,L3,16,88
TTCGTAATCCCAGCGG-1,L3,12,86
TTCGTTCAACGAAGTT-1,L3,23,105
TTCTACCTTTATGTTG-1,L3,6,84
TTCTACTTGCGAGGGC-1,L3,22,32
TTCTGCTAGACTCCAA-1,L3,28,106
TTCTTAGTGAACGGTG-1,L3,18,34
TTCTTATCCGCTGGGT-1,L3,49,101
TTCTTGCTAGCATCTC-1,L3,40,110
TTCTTGTAACCTAATG-1,L3,23,35
TTCTTTGGTCGCGACG-1,L3,24,104
TTGACTATTGTCCGGC-1,L3,46,104
TTGAGCAGCCCACGGT-1,L3,44,116
TTGAGGCATTTAACTC-1,L3,7,91
TTGCCAAGCAGAACCC-1,L3,44,114
TTGCCGGTGATCCCTC-1,L3,11,97
TTGCGTAGTTTGAGGA-1,L3,25,19
TTGCGTGAACGCTTAG-1,L3,14,96
TTGCTGCACCTATCCA-1,L3,22,20
TTGCTGGCCGGGCTTC-1,L3,8,78
TTGGACCATCTGGCAA-1,L3,51,105
TTGGATCGACTTCTGG-1,L3,10,60
TTGGATTGGGTACCAC-1,L3,17,55
TTGGCCTAGAATTTCG-1,L3,16,82
TTGGCTCGCATGAGAC-1,L3,23,37
TTGGGACGTAAGAGTT-1,L3,51,109
TTGTATCACACAGAAT-1,L3,12,74
AAACGGGCGTACGGGT-1,L4,65,91
AAATCCGATACACGCC-1,L4,65,87
AAATTACCTATCGATG-1,L4,26,94
AACAATTACTCTACGC-1,L4,29,25
AACAGGATGGGCCGCG-1,L4,29,31
AACATATCAACTGGTG-1,L4,27,99
AACGCTGTTGCTGAAA-1,L4,54,94
AACGTCAGACTAGTGG-1,L4,24,40
AACTCCAGAGCGTGTT-1,L4,60,92
AACTTGCCCGTATGCA-1,L4,29,27
AAGGCGCGTAAAGCTT-1,L4,24,38
AAGTCAATTGTCGTCA-1,L4,45,101
AATCATGTAAAGACTC-1,L4,54,98
AATGATGATACGCTAT-1,L4,23,93
AATTCATAAGGGATCT-1,L4,23,91
ACAAGCAGTGCCTAGC-1,L4,30,26
ACAATTGTGTCTCTTT-1,L4,51,97
ACATCCTGGTAACTGT-1,L4,42,102
ACCCGGATGACGCATC-1,L4,38,100
ACCGGGCCTTTGTTGA-1,L4,46,98
ACGATCATCTTGTAAA-1,L4,36,102
ACGCCAGATGATTTCT-1,L4,17,73
ACGCTAGTGATACACT-1,L4,28,100
ACGTATTACTCCGATC-1,L4,41,97
ACGTGCGCCTCGTGCA-1,L4,17,63
ACTGAAACGCCGTTAG-1,L4,57,93
ACTGCCGTCGTAACTC-1,L4,16,70
AGAATTATGGATTCGA-1,L4,32,98
AGACGAAGTGCCGGTC-1,L4,49,97
AGCATATCAATATGCT-1,L4,51,95
AGCCACAGGTTACCCG-1,L4,63,89
AGCGACATCCCATTCA-1,L4,17,59
AGCGCGGGTGCCAATG-1,L4,24,92
AGCTGAAGTAAACCAA-1,L4,20,84
AGGAGGCCTTCGCGCG-1,L4,52,98
AGGATATAGGGATTTA-1,L4,46,96
AGGCATTGTCGTAGGG-1,L4,49,99
AGTCACTAGCTCTCGA-1,L4,55,99
AGTCCATTGGCTGATG-1,L4,42,100
AGTCGGCCCAAACGAC-1,L4,25,39
AGTGAACAAACTTCTC-1,L4,44,102
AGTGCACGCTTAAGAA-1,L4,52,96
AGTGCTAAACACAGCA-1,L4,61,91
AGTGGCGGCAATTTGA-1,L4,24,94
ATAGGCTAGCTTCGCA-1,L4,25,97
ATAGTTCCACCCACTC-1,L4,38,102
ATATCGTTCCTCGAAC-1,L4,58,92
ATATCTCCCTCGTTAA-1,L4,19,87
ATCACATTAGAATATC-1,L4,20,82
ATCCAACGCAGTCATA-1,L4,25,37
ATCGTTAGCTAGCGGA-1,L4,58,98
ATCTCCCTGCAATCTA-1,L4,16,72
ATCTGCACCTCTGCGA-1,L4,29,101
ATGAAGCCAAGGAGCC-1,L4,22,46
ATGAGGAGTGTTAATC-1,L4,25,35
ATGCCGGTTGATGGGA-1,L4,19,83
ATGGATCCGGCGTCCG-1,L4,19,79
ATGTTCGTCGACCCAC-1,L4,34,14
ATTAGATTGATAGCGG-1,L4,19,49
ATTATACTTTGCTCGT-1,L4,18,78
ATTCCTCCGCCAGTGC-1,L4,23,39
ATTGATGAGTCCTAAC-1,L4,33,99
ATTGCGATCAGTAACT-1,L4,51,99
ATTGTACAACTCGGCT-1,L4,35,103
CAACGACCCGTTTACA-1,L4,20,50
CAAGCACCAAATGCCT-1,L4,18,66
CACAGGGCCATATAGT-1,L4,57,97
CACCCACGAGGCAATT-1,L4,20,86
CACCTCGATGGTGGAC-1,L4,18,70
CACGCGGAACTGTTGC-1,L4,42,98
CAGACCTGTAAGTGTT-1,L4,31,99
CAGCAGTCCAGACTAT-1,L4,50,100
CATCATTACCCTGAGG-1,L4,52,94
CATCTTACACCACCTC-1,L4,37,99
CATGCGACCAGTTTAA-1,L4,26,98
CATGGGTCGGGTGTGG-1,L4,21,85
CATTACGTCGGCCCGT-1,L4,19,65
CCACGAGAAGAGAATC-1,L4,17,75
CCATAGGTTGGCGTGG-1,L4,18,62
CCATCTCACCAGTGAA-1,L4,38,98
CCATGCCCTAGATTTC-1,L4,56,98
CCATGGCCCTTGTACC-1,L4,32,22
CCGATCTCAACCTTAT-1,L4,37,101
CCGCACGTGACCTCGG-1,L4,28,26
CCGCGTAGGTAAGGGC-1,L4,30,22
CCGTAGGAAATCCCTG-1,L4,60,96
CCGTTACGTTAGAACA-1,L4,20,88
CCTATCTATATCGGAA-1,L4,19,77
CCTATGTCCACTCCAC-1,L4,62,92
CCTCACCTTAGCATCG-1,L4,27,97
CCTCCTGTTGTGTCGT-1,L4,62,96
CCTCGCCAGCAAATTA-1,L4,18,74
CCTGTTTGAAGACACG-1,L4,58,94
CCTTTCAATGAAGAAA-1,L4,25,95
CGAACAGTATGGGCGT-1,L4,50,96
CGACTCAGGATGTTAT-1,L4,23,89
CGAGAGCTTTCACTAC-1,L4,64,88
CGAGCTGGGCTTTAGG-1,L4,17,67
CGCACGTGCGCTATCA-1,L4,39,99
CGCCCAGCGTTTCACG-1,L4,65,89
CGCCCGCTTCCGTACA-1,L4,18,80
CGCGGCTCAACTTGAA-1,L4,43,97
CGCTAGAGACCGCTGC-1,L4,39,101
CGCTCGACATAATGAT-1,L4,21,45
CGCTGGTGACTACCCT-1,L4,48,98
CGGCGCCATCAATCCC-1,L4,59,93
CGGTAGAGGTGCAGGT-1,L4,22,92
CGGTCTATCAACCCGT-1,L4,18,82
CGGTTATCCAACAGTG-1,L4,30,98
CGTGGCCGAATATCTA-1,L4,47,101
CTACTCTAGGCCCGGC-1,L4,31,25
CTCAGTCACGACAAAT-1,L4,24,96
CTCCGGCCTAATATGC-1,L4,19,59
CTCTAGCCCTCGGAAA-1,L4,66,90
CTCTTCTATTGACTGG-1,L4,46,100
CTGACTGCGCAGCTCG-1,L4,31,101
CTGATAGTGTATCTCA-1,L4,32,16
CTGCCTTTCTAGTAAA-1,L4,63,93
CTGCGGGTGAAATGTT-1,L4,31,23
CTGGCGACATAAGTCC-1,L4,17,81
CTGGCTGATTCATCCT-1,L4,44,96
CTGGTAACGAGCTCTT-1,L4,29,97
CTTAGTAGGCCTACAG-1,L4,32,102
CTTGTACTTGTTGACT-1,L4,21,51
CTTGTGCTCACCGATT-1,L4,22,94
CTTTGCATCGCTCTTG-1,L4,60,94
CTTTGGCGCTTTATAC-1,L4,32,18
GAAAGAACAGCGTTAT-1,L4,37,103
GAAATCGCGCGCAACT-1,L4,18,68
GAACGACCGAATGATA-1,L4,19,63
GAACGTTAGGAAGACG-1,L4,33,15
GAATTTCTCGCTGCAG-1,L4,28,30
GACAAACATATGCAGG-1,L4,44,100
GACAACGCAGCTTACG-1,L4,20,54
GACGGTCAATAGAAGC-1,L4,30,100
GACGTGTAGGGATTAT-1,L4,28,32
GACTCGCGGGAATGAC-1,L4,28,96
GAGGAATGGAGAGGTT-1,L4,27,31
GATATTGAGATTGGCG-1,L4,34,100
GATCCTAAATCGGGAC-1,L4,27,95
GATCGCTACCCGATTT-1,L4,50,98
GATTAACCGAAAGCCC-1,L4,55,93
GCACACACTGGTAGCC-1,L4,56,94
GCAGACCCAGCACGTA-1,L4,39,103
GCCACTCAGAGCGCGA-1,L4,59,95
GCCAGGAGTAACCGAT-1,L4,21,89
GCCATATTGCACACAG-1,L4,22,90
GCGCAAGAGCGCGCTG-1,L4,40,100
GCGTAAATGGCCATAA-1,L4,34,102
GCGTCGAAATGTCGGT-1,L4,17,65
GCTAATACCGAATGCC-1,L4,21,47
GCTACTATAGTAGAGT-1,L4,50,94
GCTAGAGTAGAGATGT-1,L4,56,96
GCTCGCTCATGTCCAA-1,L4,41,99
GCTTGGATCGATTAGG-1,L4,31,97
GGAAAGTGCCCATGCC-1,L4,20,90
GGAGAAGTCATTGGCA-1,L4,23,41
GGAGTGCCGCCCTGGA-1,L4,19,53
GGATTCCGCTATACCC-1,L4,19,81
GGGTATGTATGCACTT-1,L4,28,28
GGGTGTTTCAGCTATG-1,L4,16,68
GTAAGTAGGGTATACC-1,L4,26,36
GTAGGTGATCCGTGTA-1,L4,17,79
GTATCAAACGTTAGCT-1,L4,55,97
GTATCCTTTGGTAACC-1,L4,64,92
GTCGGATGTAGCGCGC-1,L4,17,77
GTGATCACTAACGCCT-1,L4,47,97
GTGCACGAAAGTGACT-1,L4,17,71
GTGCGACAGGGAGTGT-1,L4,36,100
GTTTGGGTTTCGCCCG-1,L4,63,91
TAACCTACCGTCCGAG-1,L4,33,101
TAACGCTTTGAGAGCG-1,L4,27,29
TAAGGCTGAATCCCTC-1,L4,45,97
TAAGGGCCTGTCCGAT-1,L4,57,95
TAAGTTGCGACGTAGG-1,L4,53,95
TAATCGATCCGTACGT-1,L4,25,93
TAGAGGTTCTACTTGT-1,L4,54,96
TAGATGGTTCCTTACT-1,L4,59,97
TAGATTCCTGGTTATT-1,L4,32,20
TAGGTCCAAGTAAGGA-1,L4,29,23
TAGGTCGCCGGAACTG-1,L4,32,100
TAGTCGATCACGGGTT-1,L4,48,96
TATAGATGGTCGCAGT-1,L4,40,102
TATATCCCTGGGAGGA-1,L4,36,98
TATCCATATCATGCGA-1,L4,18,52
TATCGATCTATGCATA-1,L4,22,88
TATCTACAGAGGTAAT-1,L4,30,24
TATTTAGTCTAGATCG-1,L4,18,58
TCAACTAACGTATAAC-1,L4,31,19
TCACAAACCGAGGTAC-1,L4,61,95
TCAGTACTGACCCGCG-1,L4,26,34
TCATGCAGGTTCTCAT-1,L4,18,84
TCATTTAAGTCTCCGA-1,L4,35,99
TCCCTTAGATTACTCG-1,L4,18,86
TCCGAACTTGGCTTAC-1,L4,33,19
TCCGATAATTGCCATA-1,L4,18,64
TCCGCGGCCCAATGAA-1,L4,53,99
TCCGGCCTAGCGTACA-1,L4,28,98
TCCGTTAAGCTAATAT-1,L4,52,100
TCCTCTACGAGATGGC-1,L4,26,32
TCCTCTCCAGTTGTCC-1,L4,30,20
TCCTTACGACGGTCCG-1,L4,49,95
TCGAAGAACCGAGCAC-1,L4,45,99
TCGCCGGTCGATCCGT-1,L4,19,61
TCGGAATGCGCTCTGA-1,L4,30,28
TCGGCTTGTATCGACG-1,L4,58,96
TCTAGCATCTTCGATG-1,L4,23,43
TCTAGGTGGCGACGCT-1,L4,29,99
TCTAGTGATATCGTGG-1,L4,44,98
TCTATGCTATAACGAC-1,L4,64,94
TCTCCACAAGTTGAAT-1,L4,61,93
TCTCTAATAGCTGGTA-1,L4,20,52
TCTGAACTCGTACCCG-1,L4,47,95
TCTGGGAACCTTTGAA-1,L4,40,98
TCTTACCGGAACTCGT-1,L4,21,91
TCTTAGAGTGAACTCT-1,L4,43,99
TCTTTAAGACTATGAA-1,L4,34,98
TGACATCGAGCGGACC-1,L4,35,101
TGAGAATGCTTTACCG-1,L4,18,54
TGAGCTTTAATGACGC-1,L4,19,85
TGCAATCTAACACGGT-1,L4,62,90
TGCCATTACTAAAGAA-1,L4,21,87
TGGCTTTGGGTAGACA-1,L4,19,51
TGGGCCACAAGAGCGC-1,L4,18,72
TGGTAGAATATATGGG-1,L4,48,100
TGTGCCGGTGCCGGAA-1,L4,53,97
TGTGTCGCGAGTTGCA-1,L4,24,36
TGTGTTCGTATCCAAG-1,L4,31,21
TGTTTCGGTACTTCTC-1,L4,18,56
TTAACCAACCCTCCCT-1,L4,19,55
TTAAGATAGGATTGAC-1,L4,43,101
TTAAGTATTGTTATCC-1,L4,64,90
TTAATCAGTACGTCAG-1,L4,18,76
TTAATTTCAGACGCGG-1,L4,17,69
TTACAGACCTAAATGA-1,L4,26,96
TTACTATCGGCTTCTC-1,L4,34,16
TTAGTAAACCTGCTCT-1,L4,62,94
TTATGACAAACTGGAT-1,L4,27,35
TTCAACGACCCGACCG-1,L4,20,48
TTCAGCTGGCGTGCCC-1,L4,55,95
TTCCAATCAGAGCTAG-1,L4,23,95
TTCCTCGAGGGTGTCT-1,L4,21,49
TTCGTACTCCAGAACG-1,L4,29,29
TTCTAGGCCAATTGTG-1,L4,22,44
TTCTGCGAGCGCCCTT-1,L4,33,17
TTCTTAGTGGCTCAGA-1,L4,17,61
TTGAATTCACGTGAGG-1,L4,39,97
TTGACAGGAGCTCCCG-1,L4,47,99
TTGACGCTCCATGAGC-1,L4,41,101
TTGATTATGCAGATGA-1,L4,27,33
TTGCTGAAGGAACCAC-1,L4,19,57
TTGTGGCCCTGACAGT-1,L4,18,60
TTGTGGTGGTACTAAG-1,L4,63,95
TTGTTAGCAAATTCGA-1,L4,22,42
AAACCTAAGCAGCCGG-1,L5,65,83
AAACCTCATGAAGTTG-1,L5,37,19
AAAGGGATGTAGCAAG-1,L5,24,62
AAAGTCGACCCTCAGT-1,L5,37,15
AAAGTGTGATTTATCT-1,L5,44,94
AAAGTTGACTCCCGTA-1,L5,42,96
AAATAGGGTGCTATTG-1,L5,53,79
AACAACTGGTAGTTGC-1,L5,28,42
AACACACGCTCGCCGC-1,L5,51,93
AACCAAGACTTCTCTG-1,L5,36,24
AACCCTACTGTCAATA-1,L5,40,96
AACCGAGCTTGGTCAT-1,L5,24,70
AACCGCTAAGGGATGC-1,L5,46,92
AACCTCGCTTTAGCCC-1,L5,62,82
AACGATATGTCAACTG-1,L5,24,76
AACGCGGTCTCCAGCC-1,L5,23,65
AACGGACGTACGTATA-1,L5,50,92
AACTCTCAATAGAGCG-1,L5,35,93
AACTGGGTCCCGACGT-1,L5,20,66
AAGATTGGCGGAACGT-1,L5,26,90
AAGCGCAGGGCTTTGA-1,L5,67,73
AAGCTCTTTCATGGTG-1,L5,57,81
AAGGAGCGGTTGGTGC-1,L5,28,48
AAGGATGAGGGACCTC-1,L5,27,87
AAGGCTGTGCTCATCG-1,L5,30,46
AAGGGACAGATTCTGT-1,L5,26,92
AAGGTATCCTAATATA-1,L5,25,81
AAGGTGATAAACCAGC-1,L5,44,92
AAGTAGTGACGCGAGG-1,L5,33,31
AAGTGTTTGGAGACGG-1,L5,52,80
AAGTTCACTCCAAGCT-1,L5,57,85
AATAACAACGCTCGGC-1,L5,36,30
AATAGAATCTGTTTCA-1,L5,48,86
AATATTGGAGTATTGA-1,L5,36,22
AATCTGCGTTGGGACG-1,L5,32,92
AATGACTGTCAGCCGG-1,L5,23,47
AATGCAACCGGGTACC-1,L5,25,59
AATTCGATTCGAGGAT-1,L5,66,76
AATTGAACGCTCTGGT-1,L5,45,83
ACAAATCGCACCGAAT-1,L5,50,82
ACAAATGGTAGTGTTT-1,L5,44,84
ACAAGGACAAGAGGTT-1,L5,29,37
ACAAGGATGCTTTAGG-1,L5,61,87
ACAATAGTCGTACGTT-1,L5,42,20
ACAATCCATTTAAACC-1,L5,36,32
ACAATTTGAGCAGTGG-1,L5,28,82
ACACAAAGACGGGTGG-1,L5,24,56
ACACACCAGGACCAGT-1,L5,44,90
ACACCCAGCATGCAGC-1,L5,24,50
ACACCTTAAGTAGGGC-1,L5,25,43
ACAGGCTTGCCCGACT-1,L5,53,87
ACATAATAAGGCGGTG-1,L5,21,63
ACATCGTATGCAATGG-1,L5,45,81
ACCAATATGCAAGTTA-1,L5,56,78
ACCACAAGTTTCTATC-1,L5,30,54
ACCAGTGCGGGAGACG-1,L5,48,94
ACCCAACGCCCGTGGC-1,L5,30,86
ACCCTCCCTTGCTATT-1,L5,48,84
ACCGATGGTAGCATCG-1,L5,36,92
ACCTAATCGACTTCCT-1,L5,32,30
ACGAAATGGGCGGCAC-1,L5,32,24
ACGATACATAGAACTA-1,L5,22,80
ACGATCATACATAGAG-1,L5,25,63
ACGGACTCTCAAAGCG-1,L5,61,75
ACGGATGGTGCGGATA-1,L5,57,79
ACTACCAGCTCTCTGG-1,L5,25,41
ACTCAAGTGCAAGGCT-1,L5,60,86
ACTCAATAAAGGCACG-1,L5,25,69
ACTGAATGGCGAAAGT-1,L5,47,83
ACTGTAGCACTTTGGA-1,L5,27,39
ACTTACGCATCCACGC-1,L5,58,78
ACTTATACTTACCCGG-1,L5,36,90
ACTTATTTATGTGCCA-1,L5,46,90
ACTTCAGGCTGATCCC-1,L5,51,81
ACTTCCATGCGGGACA-1,L5,61,85
ACTTCGCCATACGCAC-1,L5,27,75
ACTTGGGACCCGGTGG-1,L5,29,49
AGAAGAGCGCCGTTCC-1,L5,38,88
AGAAGGTTGTAGGTCG-1,L5,64,78
AGACCCGCCCTCCTCG-1,L5,26,56
AGACCGGGAAACCCTG-1,L5,41,17
AGACTAGCCTTCCAGA-1,L5,28,46
AGAGAACCGTCTAGGA-1,L5,26,88
AGAGATCTCTAAAGCG-1,L5,40,18
AGATAACTTCAGGGCC-1,L5,32,44
AGATACTCAAGATCGA-1,L5,46,82
AGATATAATACGACTA-1,L5,64,72
AGATGACTCGCCCACG-1,L5,21,55
AGCAACATATCTTATT-1,L5,41,93
AGCACCAGTACTCACG-1,L5,27,65
AGCACTACCGGCCTGT-1,L5,34,20
AGCACTACCTCACCAG-1,L5,53,81
AGCACTTAAGGACGCC-1,L5,31,35
AGCATCGTCGATAATT-1,L5,22,52
AGCCACTCCCGTGCTT-1,L5,23,81
AGCGACCAACGATATT-1,L5,25,55
AGCTAAGTACGCAGGC-1,L5,64,86
AGCTCCTTCGCACATC-1,L5,52,86
AGCTTGATCTTAACTT-1,L5,41,23
AGGACAGTCGAATCCC-1,L5,43,85
AGGCAGATGCGTAAAC-1,L5,26,86
AGGCCACCCGTTATGA-1,L5,28,38
AGGCCTGAGAATCTCG-1,L5,62,88
AGGGTCGATGCGAACT-1,L5,37,97
AGGGTGCTCTCGAGGG-1,L5,34,92
AGGGTTCCCTTTGGTT-1,L5,30,88
AGGTAGGTACAAAGCT-1,L5,35,31
AGGTGTATCGCCATGA-1,L5,37,17
AGGTTGAGGCACGCTT-1,L5,22,74
AGTACGGGCACCTGGC-1,L5,25,79
AGTACTCTTATGCCCA-1,L5,56,88
AGTCAAGATGACACTT-1,L5,48,90
AGTCGACGGTCTCAAG-1,L5,38,90
AGTCGTATAAAGCAGA-1,L5,65,81
AGTCGTCGACCACCAA-1,L5,57,91
AGTCTTCTCCTCAAAT-1,L5,24,66
AGTGAGACTTCCAGTA-1,L5,35,87
AGTGATAACCTGCGCG-1,L5,59,89
AGTGATTCAAGCAGGA-1,L5,33,87
AGTGCTTGCACGAATA-1,L5,41,89
AGTGGCGTCTGAAGGT-1,L5,62,86
AGTTCCTACAGAATTA-1,L5,30,50
ATAAATATTAGCAGCT-1,L5,38,28
ATAACGGAGTCCAACG-1,L5,25,75
ATAATCTTGGAGAACC-1,L5,61,77
ATACCACGGGCAACTT-1,L5,35,29
ATACGGGTTTCGATTG-1,L5,22,82
ATACGTACTTAGCCAC-1,L5,55,77
ATACGTCCACTCCTGT-1,L5,47,93
ATACTAGCATGACCCT-1,L5,21,61
ATACTGCCTTACACCG-1,L5,58,84
ATAGACAACGGGACCT-1,L5,28,92
ATAGACGAAGAGAAAG-1,L5,33,45
ATAGAGTACTGGGACA-1,L5,26,48
ATAGAGTTATCAACTT-1,L5,27,93
ATAGGGATATCCTTGA-1,L5,21,71
ATATGTCTCCCTAGCC-1,L5,35,97
ATCACTTCATCCTCGC-1,L5,21,67
ATCAGCCTCATGCTGC-1,L5,57,87
ATCAGTAGGCAGGGAT-1,L5,23,87
ATCCTGAATCGCTGCG-1,L5,38,26
ATCGACTCTTTCCGTT-1,L5,23,61
ATCGCACGCCGGGAGA-1,L5,25,57
ATCTGGTTAAGACTGT-1,L5,26,76
ATCTTGACCTGCAACG-1,L5,26,44
ATGACTATGCGACATT-1,L5,48,88
ATGCACTACCGCATTG-1,L5,27,45
ATGCATGATCCAGGAT-1,L5,25,65
ATGCCATTTGCGACCA-1,L5,43,91
ATGCTCTGGCGCGGTA-1,L5,60,76
ATGGATTGACCAAACG-1,L5,27,61
ATGGGCCTCGGCCTCT-1,L5,45,91
ATGGTCGCGTGGTTTC-1,L5,45,85
ATGTGCATCCGACGCA-1,L5,23,57
ATTAATACTACGCGGG-1,L5,22,66
ATTAATGAACCAGTCG-1,L5,23,79
ATTATGCCATAGGGAG-1,L5,21,53
ATTCATCGTTGAGGCA-1,L5,61,89
ATTCGACGCCGGGCCT-1,L5,36,26
ATTGAAGATCTTAGTG-1,L5,31,49
ATTGCCTTTATGTTTG-1,L5,64,84
ATTTACAGTTTACTGG-1,L5,30,38
ATTTGTCTTGGGAGCT-1,L5,40,84
ATTTGTTCCAGGGCTC-1,L5,19,71
CAAACGGTCGCACTTT-1,L5,30,40
CAAGATATTATAACGT-1,L5,45,89
CAAGCAACGTCGGAGT-1,L5,32,38
CAAGTGTGGTTGCAAA-1,L5,40,94
CAATAAACCTTGGCCC-1,L5,26,74
CAATGCGAGAAGTATC-1,L5,54,82
CAATGGATCTCTACCA-1,L5,28,86
CACACGCGCTGTCTTA-1,L5,33,89
CACAGCTAGGGAGTGA-1,L5,20,60
CACCCTAACAAGATCT-1,L5,56,80
CACCGCCAGAAGGTTT-1,L5,27,59
CACCTAATCAGTTTAC-1,L5,20,72
CACCTTGCGAAACTCG-1,L5,24,84
CACGAAAGTTAGTCCC-1,L5,33,29
CACGCACAGCGCAGCT-1,L5,24,72
CACGCAGCGAGGCTTT-1,L5,31,43
CACGTTTCGTACACAC-1,L5,55,91
CAGAACTTAGCCCTCT-1,L5,53,85
CAGAGCATGAGCTTGC-1,L5,26,70
CAGATACTAACATAGT-1,L5,26,46
CAGCAGTCTGTGCTGC-1,L5,62,74
CAGCCTCCTGCAGAGG-1,L5,23,77
CAGCTCGACAAGTTAA-1,L5,28,90
CAGCTTAGTAGGTAGC-1,L5,32,28
CAGGCAGTCTTACCAG-1,L5,65,85
CAGTAGCCCACGCGGT-1,L5,25,91
CAGTGAATAAATGACT-1,L5,25,83
CAGTGTCGGCTGGCCC-1,L5,52,92
CAGTTCAAATTGACAC-1,L5,29,51
CATAACGGACAGTCGT-1,L5,36,94
CATAAGCTCTCCGTCT-1,L5,42,14
CATACCCGTACCCAGT-1,L5,37,31
CATCCTCTCAAAGATC-1,L5,54,92
CATGAGATGCACTCTC-1,L5,59,79
CATGATGCACAATTCT-1,L5,21,69
CATGGGTATGCCTTAT-1,L5,56,82
CATGGTCTAGATACCG-1,L5,26,66
CATGTAAGAGACATTT-1,L5,54,90
CATGTCTCATTTATGG-1,L5,49,85
CATTATGCTTGTTGTG-1,L5,26,52
CATTTAGCGGACCATG-1,L5,25,85
CCAAACAGAACCCTCG-1,L5,22,48
CCAACGATGCACTGAT-1,L5,31,37
CCAAGACTTCTGCGAA-1,L5,20,62
CCAATAGTGCCGTCGA-1,L5,34,42
CCACAATGTACGTCTT-1,L5,29,85
CCACAGTACCCATCCT-1,L5,48,92
CCACTGGTGGCTGGTT-1,L5,39,21
CCAGATAGTTGAGTGA-1,L5,28,84
CCAGCTGATGGTACTT-1,L5,37,21
CCAGGGACGTGGCCTC-1,L5,27,53
CCAGTAGTCTGATCCA-1,L5,27,91
CCAGTCTAGACGGCGC-1,L5,24,86
CCATTAGCGATAATCC-1,L5,32,42
CCATTCCCTGCCCACA-1,L5,33,39
CCCAAACATGCTGCTC-1,L5,34,88
CCCAGTTAAGGCGCCG-1,L5,42,82
CCCGACCATAGTCCGC-1,L5,20,74
CCCGTCAGCGTCTGAC-1,L5,23,51
CCCTGAAATGAGTTGA-1,L5,31,39
CCCTGCCCAATCCGCT-1,L5,41,19
CCCTGCGCTACGCATA-1,L5,34,24
CCGACAAAGGGAGTGC-1,L5,33,21
CCGATTCGAGGGACCC-1,L5,38,20
CCGCGGGTACGAAGAA-1,L5,32,26
CCGGGCTGCTCCATAC-1,L5,36,86
CCGTTCCGAATCTCGG-1,L5,40,22
CCTAACCCAAACAAGT-1,L5,49,89
CCTACTGCTTACACTT-1,L5,27,49
CCTAGGCGTAGCGATC-1,L5,36,88
CCTATAATGAGTGCCC-1,L5,55,81
CCTCCGACAATTCAAG-1,L5,33,33
CCTCGGACCGGGATAG-1,L5,41,85
CCTCTAATCTGCCAAG-1,L5,23,73
CCTCTCTCCCATCTAG-1,L5,34,36
CCTGAACGATATATTC-1,L5,37,85
CCTGAATATTTACATA-1,L5,23,71
CCTGCTATTTGAGAAG-1,L5,26,50
CCTGGCTAGACCCGCC-1,L5,29,43
CCTGTACTCACGCCCA-1,L5,40,24
CCTTCTCAGCGTTCCT-1,L5,43,15
CCTTCTTGATCCAGTG-1,L5,19,73
CGAAGTTGCTCTGTGT-1,L5,33,35
CGACAATTTGATCTAA-1,L5,43,95
CGACACGCTCCGACAG-1,L5,46,94
CGAGTTCTGTCCCACC-1,L5,27,85
CGAGTTTATCGGACTG-1,L5,37,93
CGCAAACACGAGTTAC-1,L5,27,37
CGCAATTAGGGTAATA-1,L5,28,44
CGCACATGTCCACTAC-1,L5,39,87
CGCATTAGCTAATAGG-1,L5,27,57
CGCCAAGAAGCCGAGT-1,L5,39,17
CGCCATCCGATTATGA-1,L5,24,80
CGCCGCCCATGCCTGT-1,L5,39,83
CGCGACCGCGACAGAT-1,L5,59,81
CGCGCCCGACTTAATA-1,L5,21,75
CGCGGGAATTAGGCAG-1,L5,28,80
CGCGTTCATGAAATAC-1,L5,27,51
CGCTCTCCGTAGATTA-1,L5,33,37
CGCTGTGACGCCGCAC-1,L5,25,47
CGCTTTCTTGCATTCG-1,L5,31,85
CGGAGTTTGAGAGACA-1,L5,30,34
CGGATCCTCAAGGACT-1,L5,60,80
CGGCAGGGTCGGGTTG-1,L5,32,94
CGGGAGCTTCAGTGTA-1,L5,49,91
CGGGATCAATGTAAGA-1,L5,23,59
CGGGTGTACCCATTTA-1,L5,32,86
CGGTACTAGAATCAAA-1,L5,43,83
CGGTCAAGTGGGAACC-1,L5,26,80
CGGTGAAGACTAAAGT-1,L5,35,23
CGGTTGACCTGGCATA-1,L5,39,25
CGTACCTGATAGGCCT-1,L5,22,68
CGTCGCATGTGAGCCA-1,L5,65,77
CGTCGGATAGTGTTGA-1,L5,34,96
CGTCGTCCTTCGCGAA-1,L5,56,76
CGTGTCCCATTCGCGA-1,L5,28,40
CGTTAATGTCCCGACG-1,L5,59,87
CGTTGAATACCGCGCT-1,L5,57,77
CGTTGTTTCAATTCCC-1,L5,34,40
CTAAAGAATGCCTACT-1,L5,36,36
CTAAATCCTATTCCGG-1,L5,26,84
CTAACGAAACTTGCTG-1,L5,30,94
CTAATTCGCACGCGCT-1,L5,28,34
CTACCCTAAGGTCATA-1,L5,31,91
CTACGACTAGCTATAA-1,L5,38,24
CTACTATCTTTCAGAG-1,L5,29,93
CTACTGCCACCTGACC-1,L5,27,63
CTAGGCGCCCTATCAG-1,L5,51,91
CTAGTAGAAAGGGATT-1,L5,63,81
CTAGTGAAGGACAGGA-1,L5,34,38
CTAGTTGGGCCCGGTA-1,L5,26,68
CTATCGACGAAATACA-1,L5,53,93
CTATTTGGTTACGGAT-1,L5,36,82
CTCAACTAACCCGGAT-1,L5,63,85
CTCACTGTGATACTTA-1,L5,63,75
CTCATTGCTCTAACAA-1,L5,60,78
CTCATTTGATGGGCGG-1,L5,22,62
CTCGCACCTATATAGT-1,L5,24,68
CTCGGTACCACTGCTC-1,L5,41,81
CTCTACACTGGCGATT-1,L5,43,17
CTGAAAGAGATCCGAC-1,L5,19,69
CTGCCAAGGTTGGAAG-1,L5,21,77
CTGGAAATGGATGCTT-1,L5,29,53
CTGGAAGACACGGTGG-1,L5,50,88
CTGGCGCACAGGTCTG-1,L5,37,89
CTGGGATAAATAATGG-1,L5,38,84
CTGGTAACACATAGAA-1,L5,42,88
CTGGTTTCGAGCAAGA-1,L5,46,88
CTGTCAAATGGCTCGG-1,L5,23,83
CTGTGGTCGGGAGATA-1,L5,55,89
CTGTTCACTGCCTGTG-1,L5,22,56
CTTACACGGTATTCCA-1,L5,31,45
CTTAGCCTTCCACATG-1,L5,22,78
CTTAGTGTAGTAGCAT-1,L5,61,83
CTTCAACTCCACTTGG-1,L5,59,77
CTTGAGTTAGGGTAAT-1,L5,39,93
CTTTAACTTTCAAAGG-1,L5,23,67
CTTTACCGAATAGTAG-1,L5,50,84
CTTTAGGAACACTGTT-1,L5,41,87
CTTTGGCTTTAGTAAA-1,L5,32,40
GAAACAGATGACCACC-1,L5,40,92
GAAAGCCCTTTGGACC-1,L5,35,21
GAAATATCACCATCAG-1,L5,33,23
GAAATGGCGGTGTTAG-1,L5,30,52
GAACACACATCAACCA-1,L5,22,50
GAACCTTTAACGATCC-1,L5,63,79
GAACGTCTCATGGTCG-1,L5,31,87
GAAGCTTGCTGACCGC-1,L5,29,35
GAAGTCTCCCTAGCGA-1,L5,37,91
GAATAGACGCGACCCA-1,L5,42,92
GAATCGACATGGTCAC-1,L5,26,42
GAATGTGGTCCGGATT-1,L5,43,81
GAATGTTGGGTAATCT-1,L5,23,69
GACAACGACCATTGAA-1,L5,25,77
GACAGCCAGACCTGAC-1,L5,42,86
GACAGGCACACACTAT-1,L5,38,22
GACATCCGTCGAACTG-1,L5,65,71
GACCAGAGCCCTGTAG-1,L5,31,47
GACCGACTGAAGCGTC-1,L5,34,22
GACCTTCCACGTCTAC-1,L5,66,74
GACTAAGATCATGCAC-1,L5,23,53
GACTAAGTAGGCTCAC-1,L5,27,43
GACTAGGCCGTTAGGT-1,L5,66,78
GACTGCAAATCGAGCT-1,L5,59,75
GAGACTGATGGGTAGA-1,L5,28,56
GAGCACCTGTGTCCAG-1,L5,58,80
GAGCCAGCTACCTGTG-1,L5,53,89
GAGCGCGCACGAGTAG-1,L5,49,93
GAGCTAAGGGCATATC-1,L5,29,83
GAGGCTATCAAAGTCG-1,L5,35,27
GAGGGCGCAGCTCTGC-1,L5,27,89
GAGTGTCAACCAGAAA-1,L5,63,83
GAGTGTGCGGTACCCA-1,L5,44,88
GATAACTCGCACTGTG-1,L5,39,89
GATCGACACTATCTGA-1,L5,27,47
GATCGGATAGAACCAT-1,L5,41,13
GATTCCCTTGTCGCAG-1,L5,25,67
GATTGGGAAAGGTTGT-1,L5,66,80
GCAAACCCTACATTAT-1,L5,48,82
GCAAGTGCACAGAGAA-1,L5,24,42
GCAGATCCATAAGACT-1,L5,51,85
GCAGGACTATAGAATA-1,L5,35,37
GCAGTGTGGCTATAGG-1,L5,59,83
GCATACGAGGTCTTTA-1,L5,38,14
GCATGAGGGACGCGGC-1,L5,30,90
GCATTGTAATTCATAT-1,L5,41,21
GCCCGTAATACCTTCT-1,L5,27,79
GCCGCATTAGTCCGGC-1,L5,35,17
GCCTATAGTGTCAGGG-1,L5,29,91
GCCTCATCTGGAAATA-1,L5,41,95
GCGAAACTTAACTGGA-1,L5,44,82
GCGCATCCAGTCAGCA-1,L5,29,95
GCGCGTCATTGGTACA-1,L5,57,83
GCGCTGCTTTGCATTT-1,L5,28,94
GCGCTTAAATAATTGG-1,L5,57,89
GCGTGGTACTGGGTTA-1,L5,35,95
GCTAACTGAAGTCTGA-1,L5,58,88
GCTACAGTACGGACCG-1,L5,40,14
GCTAGGCACCACGGAG-1,L5,54,84
GCTATACGTCTCGGAC-1,L5,52,88
GCTATCATACTCATGG-1,L5,54,78
GCTCGGAATTTAAAGC-1,L5,22,84
GCTCTAAACCCTGACG-1,L5,24,58
GCTCTATGTTACGTGC-1,L5,26,40
GCTCTCGGGTACCGAA-1,L5,26,58
GCTGGCATATTCACCT-1,L5,31,31
GCTGTTGCTACCGAAC-1,L5,39,95
GCTTAATGTAACTAAC-1,L5,42,84
GCTTATGAAGCAGGAA-1,L5,35,89
GCTTTCAGAGGAGGTG-1,L5,33,95
GGAATGCGCTAGCGTG-1,L5,32,82
GGAGCACCAAGAACTA-1,L5,26,82
GGATCCGGAATATACT-1,L5,34,82
GGATGAAGATCGCTGA-1,L5,42,94
GGATGCTGGCGTTCCT-1,L5,39,19
GGATGTCCTTACCGCA-1,L5,35,91
GGATTGCTGTGACTCC-1,L5,60,84
GGATTTCACTTCTATA-1,L5,31,83
GGCATACAGGTAGCGG-1,L5,34,32
GGCCCTCACCCACTTA-1,L5,37,23
GGCCGGCGTCTGCTAT-1,L5,65,79
GGCGAAATCTAACTTG-1,L5,43,87
GGCGCAGGACATCTTC-1,L5,37,27
GGCGCGGAGATCTTTC-1,L5,58,86
GGCGGAGTAATATTAG-1,L5,32,46
GGCGTAGGGAAAGCTG-1,L5,64,82
GGCGTCCTATCCGCTG-1,L5,31,33
GGCTATTAAGTTGTAT-1,L5,33,41
GGCTCGCGTTGAGGTA-1,L5,31,93
GGCTCTGCTCCAACGC-1,L5,26,72
GGGAAGACGGTCTGTC-1,L5,64,76
GGGAAGGGCTTTCTCA-1,L5,63,87
GGGATTTACCGCACCT-1,L5,42,90
GGGCCCTACGAAAGGG-1,L5,38,16
GGGCCGGCCGAAGTAC-1,L5,36,84
GGGCGATATGTGTGAA-1,L5,28,58
GGGCGTACATTTATAT-1,L5,24,54
GGGCGTGGTTTCCCAG-1,L5,61,81
GGGCTCATCGAACCCA-1,L5,25,89
GGGCTGGTTAGTCGCG-1,L5,31,51
GGTACATCTGGGACGA-1,L5,38,18
GGTCGGCCAGGAGCTT-1,L5,32,84
GGTGGACTGCTCTGGC-1,L5,55,85
GGTTAGCTATATGTCT-1,L5,47,87
GGTTAGGCTTGGAGAA-1,L5,28,36
GGTTTACAATCTCAAT-1,L5,25,73
GGTTTCAATCGGTCAG-1,L5,33,91
GTAAGCGGGCAGTCAG-1,L5,23,63
GTAAGTAACAGTCTGG-1,L5,40,82
GTACAGAGGCAAGGGT-1,L5,37,83
GTACGAGATTGCGACA-1,L5,21,57
GTACTAAGATTTGGAG-1,L5,27,55
GTACTCCCTTATCGCT-1,L5,36,28
GTAGCTTCCTCTTGTT-1,L5,31,89
GTAGTCGCGGGAATCA-1,L5,49,81
GTAGTCTACGATATTG-1,L5,63,77
GTATAGGACTCAGTAG-1,L5,20,58
GTATGTGGGTCTAGTT-1,L5,38,92
GTCAGAATAGTCTATG-1,L5,30,32
GTCATGGACATGACTA-1,L5,26,62
GTCCCGCGACGTTATG-1,L5,58,82
GTCCGGACCTGAAATT-1,L5,54,88
GTCCGGCTGAATTGCG-1,L5,28,52
GTCCTACGAATAGTCT-1,L5,53,91
GTCGGATATCTCAGAC-1,L5,32,36
GTCTACTCAATTACAA-1,L5,37,13
GTCTATTGGTTCCGGT-1,L5,50,90
GTCTCGATCTGCTTTC-1,L5,20,80
GTGAAACGGCGCCACC-1,L5,24,88
GTGACAGCTTCCCACT-1,L5,64,74
GTGACCGCACACTACG-1,L5,39,91
GTGACGCAGGTTTCAT-1,L5,65,75
GTGAGCGTGCTGCACT-1,L5,33,25
GTGATCCTTGTCATGA-1,L5,62,84
GTGCCCGTTCGGATTC-1,L5,39,85
GTGCGGGTCTCCAAAT-1,L5,20,56
GTGCGTGTATATGAGC-1,L5,41,83
GTGGCGGTCCCAGCGT-1,L5,40,20
GTGGGCTTAGACACAC-1,L5,29,39
GTGTACCTTGGCTACG-1,L5,26,78
GTGTATATCAGCGGGC-1,L5,58,76
GTGTGAATAACTTAGG-1,L5,33,83
GTTAAAGTAGGACTGG-1,L5,49,83
GTTACAATTGGTGACG-1,L5,37,33
GTTAGCCCATGACATC-1,L5,67,75
GTTCACAGGAGTCTAG-1,L5,32,34
GTTCGTCTAAAGAACT-1,L5,51,89
GTTGCACGGAGTTTCG-1,L5,24,48
GTTGGATTGAGAACAC-1,L5,32,88
GTTTCATATCGTCGCT-1,L5,39,27
GTTTCCTGGAGGGTGA-1,L5,25,49
TAAAGCGTTAGGAGAA-1,L5,28,88
TAAGCAGGCGACACGC-1,L5,35,19
TAAGGCAACATAAGAT-1,L5,25,71
TAAGGGCTGGGAGAGG-1,L5,34,18
TAATACACAGTAGTAT-1,L5,20,64
TAATAGTGACGACCAG-1,L5,27,83
TACAAGTCTCGTGCAT-1,L5,31,27
TACAGAAACGGTGGGC-1,L5,59,85
TACATCCCTATCCCTG-1,L5,44,14
TACCAATAAAGTACCA-1,L5,55,83
TACCGCGGACTTGCAG-1,L5,33,97
TACGAGAACTTCACGT-1,L5,35,39
TACGATGTTGATCATC-1,L5,35,35
TACGGGATGCTAGCAG-1,L5,21,83
TACTCGGCACGCCGGG-1,L5,36,16
TACTCTCCGAACAAAT-1,L5,21,81
TACTGGACAGCTCGGC-1,L5,35,25
TACTTGTTAGTAGTCC-1,L5,37,87
TACTTTACTGAGCCGG-1,L5,30,96
TAGACGAAACGCCAAT-1,L5,63,73
TAGACGCCCGTACCGG-1,L5,32,90
TAGAGTCTAAGCGAAC-1,L5,29,55
TAGCCATTTCAAAGTC-1,L5,43,89
TAGCCGGCGGTCAGCG-1,L5,33,85
TAGGCATGTTACGCCA-1,L5,23,85
TAGGGAGCTTGGGATG-1,L5,36,96
TAGGGTGTTTCAAGAG-1,L5,22,54
TAGGTGACGATAACCT-1,L5,61,79
TAGGTGAGCCCTACTC-1,L5,29,33
TAGGTGCTCGCCTAGC-1,L5,40,86
TATAGGGTACTCATGA-1,L5,36,20
TATCCAATTGGTTATC-1,L5,55,79
TATCGATGATTAAACG-1,L5,23,49
TATGATCTTCTCTTTA-1,L5,58,90
TATGCTCCCTACTTAC-1,L5,25,61
TATGGATGTGCTACGC-1,L5,26,54
TATGGCCCGGCCTCGC-1,L5,30,30
TATGTCTCATTGTGCC-1,L5,30,82
TATTACCATCCTGCTT-1,L5,38,96
TATTCCGAGCTGTTAT-1,L5,54,86
TATTTGTTACCCTTTA-1,L5,24,46
TCAAACAACCGCGTCG-1,L5,24,60
TCAACCATGTTCGGGC-1,L5,25,51
TCAACGCGACCGGCAG-1,L5,39,23
TCACAGGTTATTGGGC-1,L5,32,48
TCACCGCTCGGCACTC-1,L5,30,92
TCACGGTCATCGCACA-1,L5,23,45
TCAGGTTCTTTGAGAA-1,L5,30,42
TCCACAATGGTTTACG-1,L5,30,36
TCCCAAAGACGAAGGA-1,L5,26,60
TCCCAGGCTTAGCTAA-1,L5,30,48
TCCCGGGTGTGCTGCT-1,L5,34,34
TCCCGTCAGTCCCGCA-1,L5,23,75
TCCCTGGCTCGCTGGA-1,L5,33,27
TCCGATGACTGAGCTC-1,L5,22,76
TCCGATGGTGCGACAT-1,L5,25,53
TCCGATTACATTGCCG-1,L5,32,32
TCCGCGGCAGCATCTG-1,L5,34,84
TCCGCTGTCATCCCGG-1,L5,47,81
TCCGTTTAGCCTTGAA-1,L5,29,89
TCCTACATCCACGGCC-1,L5,46,84
TCCTGCGTTGATACTC-1,L5,38,30
TCCTTTAAATCCGCTT-1,L5,56,92
TCGAAATTTAGGACCA-1,L5,29,45
TCGCACCAGGAGGCAG-1,L5,50,80
TCGCGTCCAGAAGGTC-1,L5,31,29
TCGCTACTGGCTTTGA-1,L5,65,73
TCGCTTTAAACGTTTG-1,L5,25,87
TCGGGATTCAAACATA-1,L5,39,15
TCGGGCCGTCGTGGTA-1,L5,40,88
TCGTAAGACGACATTG-1,L5,27,77
TCGTATTACCCATTGC-1,L5,37,25
TCGTCTTAGGCGTTAA-1,L5,53,83
TCTACCGTCCACAAGC-1,L5,27,67
TCTATCGGTCGCAACA-1,L5,22,64
TCTATTACTAGAGGAT-1,L5,41,15
TCTCATGAGATAGGGT-1,L5,49,87
TCTCCAACGTAGGTTA-1,L5,20,78
TCTCCCTGGGCAGCGT-1,L5,54,80
TCTGAAGCACGTGGTC-1,L5,56,84
TCTGAATTCCGTACAA-1,L5,34,94
TCTGATGTATTCTGTC-1,L5,51,83
TCTTACTTATGCCTCT-1,L5,45,93
TCTTCCCATGGGCACA-1,L5,32,96
TCTTGGTAACACCAAA-1,L5,21,65
TGAAAGGACCTGACTC-1,L5,35,83
TGACGATGCACTAGAA-1,L5,37,95
TGAGAGATTTACCACG-1,L5,41,91
TGAGTGGTCCGTGACG-1,L5,30,84
TGATCGGTTTGACCCT-1,L5,28,54
TGATCTCCGGCGCCAG-1,L5,28,50
TGATTCGTCTATCACT-1,L5,31,41
TGCAACCCATCTGCGG-1,L5,60,90
TGCAGATCGTCCTAGG-1,L5,42,18
TGCAGCTACGTACTTC-1,L5,42,16
TGCAGGATCGGCAAAG-1,L5,24,74
TGCAGTTTCCTCCCAT-1,L5,40,90
TGCATATGTCTGTCAC-1,L5,35,85
TGCATGGATCGGATCT-1,L5,19,67
TGCATGTGGTAATCTA-1,L5,29,81
TGCCACCTGGCGAAAC-1,L5,20,76
TGCCTGATCAAACGAT-1,L5,20,70
TGCCTTGGCCAGGCAA-1,L5,52,82
TGCGCGATTAACGGAG-1,L5,27,41
TGCGGAGTAAAGGTGC-1,L5,22,70
TGCTAAGTGTCTATTT-1,L5,52,90
TGCTCCACAGTTCTTA-1,L5,45,95
TGCTCGGTGGGTCACC-1,L5,66,72
TGGAAGGATAAAGATG-1,L5,20,68
TGGACCAATCTAAGAT-1,L5,62,80
TGGAGTGATGCGATGA-1,L5,29,41
TGGCAACTCGCGCGCC-1,L5,22,86
TGGCCGTATATTGACC-1,L5,26,38
TGGCTATGTGACATAC-1,L5,60,82
TGGGCCCATACTAATT-1,L5,47,89
TGGTCTGTTGGGCGTA-1,L5,37,29
TGGTTCGTAGCAAAGG-1,L5,23,55
TGTAATGACCACAATA-1,L5,36,14
TGTACCTACACGAGGG-1,L5,59,91
TGTAGGAGAAATTTCC-1,L5,34,86
TGTAGTGATCTATAAT-1,L5,35,33
TGTATGGCGCAGACAG-1,L5,43,93
TGTCCTAAGTCACCGC-1,L5,34,30
TGTGACTACGCCAGTC-1,L5,21,73
TGTGCTTTACGTAAGA-1,L5,36,18
TGTGGCAAAGCGTATG-1,L5,29,87
TGTTATTGTATGTGGC-1,L5,44,86
TGTTCTTCCATTGACT-1,L5,33,43
TGTTGTCAAGAAGTCT-1,L5,24,82
TTAAACTCGAATTCAT-1,L5,31,95
TTAAGCGCCTGACCCA-1,L5,30,44
TTAATTGCTTTGGGTG-1,L5,62,76
TTACAACTACGCATCC-1,L5,24,52
TTACCATTGATTACCC-1,L5,34,28
TTACGGATGGTTCGAG-1,L5,33,93
TTAGACGAGTCACCTC-1,L5,48,80
TTAGAGTTTAGAAGGA-1,L5,46,86
TTAGCTGATTTGCCGT-1,L5,38,94
TTAGTAGGGCGGCGGG-1,L5,34,26
TTAGTTATTCGTGGCA-1,L5,47,91
TTATAGGTAATTGTCT-1,L5,61,73
TTATATTTGGCAATCC-1,L5,26,64
TTATCCGGGATCTATA-1,L5,51,87
TTATCTGTATCATAAC-1,L5,22,60
TTATGATCTTAACGAA-1,L5,38,82
TTCAATACTCTGAATC-1,L5,38,86
TTCAGCCCTGGTCCAC-1,L5,47,85
TTCAGGCGTCAAAGCC-1,L5,40,16
TTCATGGCGCAACAGG-1,L5,19,75
TTCCGGTTACCCACTT-1,L5,45,87
TTCCTCGGACTAACCA-1,L5,50,86
TTCCTCTGCCCGAATA-1,L5,35,15
TTCGACGGGAAGGGCG-1,L5,24,44
TTCGCACTCGCGTGCT-1,L5,25,45
TTCTAACCGAAGCTTA-1,L5,34,90
TTCTGACCGGGCTCAA-1,L5,52,84
TTCTTGGAGTAATGAG-1,L5,21,79
TTGAACGACGTGCTGA-1,L5,60,88
TTGACCAGGAACAACT-1,L5,64,80
TTGACCATGTTCTCCG-1,L5,24,78
TTGAGAAGTTTAGCAT-1,L5,55,87
TTGATCTAACTTTGTC-1,L5,29,47
TTGATGTGTAGTCCCG-1,L5,24,90
TTGCACGGAGCAGCAC-1,L5,21,59
TTGCCCTGATCACGGG-1,L5,36,34
TTGCCGCTTTCTAGTA-1,L5,62,78
TTGCTCCCATACCGGA-1,L5,22,72
TTGGACCTATAACAGT-1,L5,56,86
TTGTAAGGCCAGTTGG-1,L5,27,81
TTGTCGTTCAGTTACC-1,L5,22,58
TTGTGAACCTAATCCG-1,L5,56,90
TTGTGAGGCATGACGC-1,L5,43,13
TTGTGCAGCCACGTCA-1,L5,60,74
TTGTTCAGTGTGCTAC-1,L5,24,64
AAACAGGGTCTATATT-1,L6,47,13
AAACCGGGTAGGTACC-1,L6,42,28
AAACGAGACGGTTGAT-1,L6,35,79
AAACGGTTGCGAACTG-1,L6,67,59
AAACTCGGTTCGCAAT-1,L6,66,70
AAACTGCTGGCTCCAA-1,L6,45,67
AAACTTGCAAACGTAT-1,L6,45,19
AAATACCTATAAGCAT-1,L6,47,69
AAATCGTGTACCACAA-1,L6,44,56
AAATGGCCCGTGCCCT-1,L6,49,17
AAATGGTCAATGTGCC-1,L6,33,51
AAATTAACGGGTAGCT-1,L6,34,58
AACACGAGACGCGGCC-1,L6,45,21
AACCTTTAAATACGGT-1,L6,54,68
AACGATAATGCCGTAG-1,L6,53,73
AACGCGACCTTGGGCG-1,L6,67,53
AACGTGCGAAAGTCTC-1,L6,36,74
AACTAGGCTTGGGTGT-1,L6,55,61
AACTCAAGTTAATTGC-1,L6,38,44
AAGACTGCAAGCTACT-1,L6,36,68
AAGAGCTCTTTATCGG-1,L6,35,77
AAGAGGATGTACGCGA-1,L6,39,29
AAGAGGCATGGATCGC-1,L6,36,80
AAGCACCCTGCGTATC-1,L6,59,73
AAGCATACTCTCCTGA-1,L6,53,69
AAGCTAGATCGAGTAA-1,L6,50,68
AAGCTCGTGCCAAGTC-1,L6,35,73
AAGTGACGACCGAATT-1,L6,41,25
AAGTTTATGGGCCCAA-1,L6,68,70
AATCGCCTCAGCGCCA-1,L6,39,79
AATGACGTAGGATGTC-1,L6,44,78
AATTAAAGGTCGGCGT-1,L6,40,50
AATTAACGGATTTCCA-1,L6,58,66
AATTAGCGCTGCAGCG-1,L6,51,63
AATTCCAAGCATGTAC-1,L6,66,58
AATTCTAGAGTTAGGC-1,L6,49,63
ACAACAGCATGAGCTA-1,L6,32,72
ACAAGGAAATCCGCCC-1,L6,49,75
ACAAGGGCAGGCTCTG-1,L6,44,76
ACACGAGACTCCTTCT-1,L6,31,71
ACACGGGAACTTAGGG-1,L6,27,71
ACAGTAATACAACTTG-1,L6,46,14
ACATCGATCGTTTACC-1,L6,42,62
ACATCGGTCAGCCGCG-1,L6,41,37
ACATTAGTTTATATCC-1,L6,51,61
ACCACGTGCAGCTATA-1,L6,48,76
ACCATATCCGCAATAA-1,L6,38,56
ACCATCGTATATGGTA-1,L6,42,42
ACCCATCTTGAGGGTA-1,L6,37,37
ACCCGGAAACTCCCAG-1,L6,57,65
ACCCGGTTACACTTCC-1,L6,42,48
ACCGACACATCTCCCA-1,L6,61,67
ACCGACTGAGTCCCAC-1,L6,28,66
ACCGCAATAACTGCCT-1,L6,51,79
ACCTGCGTGTCATGTT-1,L6,46,18
ACGATGCATATGTTAT-1,L6,37,43
ACGCATTCGTGAGTAC-1,L6,33,61
ACGCCGCTAGACGACC-1,L6,43,71
ACGCGAAGTCAGACGA-1,L6,49,59
ACGCGCTACACAGGGT-1,L6,41,31
ACGCGGGCCAAGGACA-1,L6,34,62
ACGGCACTTGCTTGGG-1,L6,52,60
ACGGCGACGATGGGAA-1,L6,49,77
ACGGGAGTGTCGGCCC-1,L6,47,25
ACGTAGATTGCTGATG-1,L6,33,67
ACGTTAATGTCGAAGA-1,L6,41,69
ACGTTAGATTTGCCCG-1,L6,39,39
ACTCCCATTCCTAAAG-1,L6,47,17
ACTCCCTAATGCTAAA-1,L6,57,69
ACTCCCTAGAATAGTA-1,L6,48,70
ACTCGTCAGTAATCCC-1,L6,36,78
ACTCTCTGACTTAGGT-1,L6,42,78
ACTCTTGTATAGTAAC-1,L6,36,70
ACTGTACGATACACAT-1,L6,30,78
ACTGTCCAGGATTATA-1,L6,33,55
ACTGTCTTCTTTAGAA-1,L6,30,64
ACTTATTAGGATCGGT-1,L6,38,52
ACTTGACTCCCTCTTT-1,L6,42,72
ACTTTCCTATAGCTTC-1,L6,28,62
AGAACGTGGTACATTC-1,L6,27,73
AGAAGGTTGCCGAATT-1,L6,42,44
AGACCCACCGCTGATC-1,L6,49,65
AGATACCGGTGTTCAC-1,L6,40,38
AGATCTCAGGTGTGAT-1,L6,29,75
AGATTATAGGACGTTT-1,L6,36,54
AGCAAAGGCCGCTAGT-1,L6,60,72
AGCAGAAGGAGAAAGA-1,L6,64,68
AGCCAAGCTTTGTGTC-1,L6,64,58
AGCCCATACATGTAAG-1,L6,42,26
AGCCTAATACCCACGT-1,L6,50,14
AGCGGACACTTCGTAG-1,L6,62,62
AGCGGCGGTTAGCGGT-1,L6,50,12
AGCGGGTCTGACACTC-1,L6,66,66
AGCGTGGTATTCTACT-1,L6,45,71
AGCTCTAGACGTTCCA-1,L6,38,76
AGCTCTTTACTCAGTT-1,L6,41,45
AGGAAGCTGTCCGCCG-1,L6,61,65
AGGATAAAGTCGGGAT-1,L6,53,65
AGGATCACGCGATCTG-1,L6,48,16
AGGCCCTAGAACGCCA-1,L6,45,25
AGGGCGAGCAGCTGAT-1,L6,44,20
AGGGCTGCAGTTACAG-1,L6,35,65
AGGGTTTAGTTCGGGA-1,L6,33,63
AGGTCAGGTGAGAGTG-1,L6,46,20
AGGTGGTGACCTTCGC-1,L6,64,56
AGGTTTCACACACCTT-1,L6,41,67
AGTCAACACCACCATC-1,L6,41,47
AGTCGGCTCAACTTTA-1,L6,47,23
AGTTAAACACTTGCGA-1,L6,40,44
AGTTCCTATTTATGTT-1,L6,43,65
AGTTGACGGTCCTTGC-1,L6,65,63
AGTTTGCACCTGCCTC-1,L6,58,74
ATAAACGGACCCGTAA-1,L6,47,61
ATAAAGGCTCGGTCGT-1,L6,34,50
ATAACGCCGGAGGGTC-1,L6,35,81
ATAAGGTGGAGAACAT-1,L6,50,72
ATAATAGCTGTTGAAT-1,L6,47,63
ATAATTAGCTAAGTAG-1,L6,64,64
ATACAGGCCCTCCAAT-1,L6,56,72
ATACCTAACCAAGAAA-1,L6,58,64
ATACGCCGGCGAAACC-1,L6,40,78
ATACGTTATGCACGGA-1,L6,63,63
ATAGGCGGCTATAGAA-1,L6,43,33
ATAGGTTGGGCAGATG-1,L6,28,64
ATAGTGAAGCGTTCTC-1,L6,41,57
ATATAAAGCGCTCGTG-1,L6,58,68
ATATAAATGTAGCTGC-1,L6,54,74
ATATCTTAGGGCCTTC-1,L6,35,61
ATATTCCACATAGTGA-1,L6,51,77
ATATTTAACCCTCAAG-1,L6,31,55
ATCAATCTGGGCTGCA-1,L6,33,65
ATCAGCTCGTCCACTA-1,L6,49,15
ATCATCCAATATTTGT-1,L6,39,59
ATCCAATGGAGGGTCC-1,L6,43,27
ATCCACATCGACAGAA-1,L6,62,72
ATCCAGGATTCGTGAA-1,L6,40,46
ATCGACCCAATACAGA-1,L6,43,63
ATCGGAGACAGACGGC-1,L6,52,76
ATCTAATATCCTACGG-1,L6,55,67
ATCTAGCTTGTGAGGG-1,L6,67,65
ATCTGCTGTTATCGCC-1,L6,67,57
ATCTGGGCTGTTCTTG-1,L6,61,69
ATGCCGGTCTTGCATA-1,L6,31,75
ATGCGACAGTCCCATT-1,L6,35,71
ATGGAGCAGGCCGTGA-1,L6,36,66
ATGTACGATGACGTCG-1,L6,66,64
ATGTGAAAGCCTAATG-1,L6,46,22
ATGTGGACATCTTGAT-1,L6,47,71
ATTAAACATGCGGACC-1,L6,43,59
ATTACGCGCTGGCAGG-1,L6,40,30
ATTAGGCGATGCTTTC-1,L6,37,71
ATTCACTGATGTTGGA-1,L6,56,68
ATTCATATACTGTCCA-1,L6,46,60
ATTGCTGCTCCTCCAT-1,L6,35,43
CAAATCTCTCACAAGG-1,L6,44,24
CAAGAGGGCGGAGTAC-1,L6,46,74
CAAGCGGCACATAATT-1,L6,54,72
CAAGGATCGCATGTTC-1,L6,40,68
CAATTAAGGGTGATGA-1,L6,29,65
CAATTTCGTATAAGGG-1,L6,37,63
CACAATGAGCTGCTAT-1,L6,42,50
CACAGCACCCACGGCA-1,L6,31,59
CACAGGGCCGTTGTCA-1,L6,62,60
CACATATTAGCAGGAT-1,L6,47,73
CACATCTCACCGACGA-1,L6,57,75
CACATGATTCAGCAAC-1,L6,38,64
CACCCTTGGTGAGACC-1,L6,50,16
CACGTTCGTGCTCTAG-1,L6,37,81
CACTAAAGTTGCCTAT-1,L6,35,51
CACTCAAGAGCTATGG-1,L6,39,57
CACTCGAGCTGAACAA-1,L6,48,74
CACTTAATCAGACGGA-1,L6,34,48
CAGCAGCCCGTTCCTT-1,L6,28,78
CAGCTCACTGAGACAT-1,L6,33,59
CAGCTGGCGTAACCGT-1,L6,48,22
CAGGATATATCGTTGT-1,L6,44,60
CAGGCCGTTTGGGTGT-1,L6,39,43
CAGGCGCCATGCTAGG-1,L6,49,73
CAGTACCAGTTTACGT-1,L6,48,18
CAGTCTGTATACTGGG-1,L6,42,66
CATAAGAAGCTTGGCT-1,L6,58,72
CATACGGCGTCTGGGC-1,L6,39,63
CATACTATGTAATTGT-1,L6,36,48
CATATAGGTACAGTCA-1,L6,43,55
CATCGGACGGGTTAAT-1,L6,42,58
CATGCCAACTCGCAAA-1,L6,43,21
CATGGTAAGTAGCGTT-1,L6,45,73
CCAAGCGTAACTCGTA-1,L6,33,71
CCAATGTCACAGCAAG-1,L6,37,49
CCACACTGAGATATTA-1,L6,39,49
CCACCCAAGGAAAGTG-1,L6,37,75
CCAGCCTGGACCAATA-1,L6,37,65
CCAGCTCGAACGCATT-1,L6,63,65
CCAGTCTTGTCATAGA-1,L6,59,59
CCATCGCAGTTAAACT-1,L6,50,62
CCATGCCTGTTTAGTA-1,L6,35,53
CCATTTCTACCTATTA-1,L6,55,71
CCCAACATACGTCGCG-1,L6,43,35
CCCAATTTCACAACTT-1,L6,39,33
CCCGCAGCGCGAACTA-1,L6,49,67
CCCGGGTCGTTCAGGG-1,L6,65,57
CCCGTAAGTCTAGGCC-1,L6,40,28
CCGAACACTGGGCCTC-1,L6,44,18
CCGAACCTTCCCGGCC-1,L6,49,71
CCGCACAAAGACCAAC-1,L6,36,76
CCGCATGTGGTACGAT-1,L6,56,66
CCGCTATCAGCACCAG-1,L6,45,63
CCGGGCGGTCTCGTCA-1,L6,32,76
CCGGGTTCGAGGTTAC-1,L6,38,32
CCGTAAGTTGGTCCCA-1,L6,33,77
CCTAAATTAACGGTTC-1,L6,42,68
CCTATGGGTTACCGTC-1,L6,29,69
CCTATGGTCAAAGCTG-1,L6,68,68
CCTCGCGCTGTGCGAT-1,L6,57,59
CCTCTGTACTATTCTA-1,L6,53,61
CCTGACCACCGATGGT-1,L6,45,61
CCTGGTCGAATGTGGG-1,L6,59,69
CCTGTAAGACATGATA-1,L6,37,41
CCTGTCACCCGGGCTC-1,L6,29,67
CCTGTCGCCCGTAAAT-1,L6,36,62
CGAAACGCAATTCATG-1,L6,41,33
CGAACGGCCGGACAAC-1,L6,47,15
CGAATGACGCATAATG-1,L6,63,57
CGACAGTTCGCGTTAT-1,L6,36,42
CGACCCTTAACGCCGG-1,L6,48,12
CGAGACCCTAGAGTGT-1,L6,43,61
CGAGAGATGTGAACCT-1,L6,29,73
CGAGGCTAAATATGGC-1,L6,29,71
CGAGGGACTGCGGTCG-1,L6,38,78
CGAGGGTATCCAGGTG-1,L6,64,60
CGATACCTCGCGGACA-1,L6,40,48
CGATCCGACCCAGTGC-1,L6,38,50
CGATCTGTTGGAGGAC-1,L6,46,24
CGATTAAATATCTCCT-1,L6,56,62
CGATTCGCCTGGCTGC-1,L6,57,73
CGCATGGTGCGATGCT-1,L6,40,66
CGCCTCCCTCCTCTAT-1,L6,43,73
CGCCTGGCCTACGTAA-1,L6,41,27
CGCTACGGGACATTTA-1,L6,38,48
CGCTATTCTTAGGCTC-1,L6,38,60
CGCTTATTCCCGGTCG-1,L6,42,30
CGGAGCAATTTAATCG-1,L6,54,60
CGGAGCATGGCGATCC-1,L6,39,67
CGGCAAACATCGTGCG-1,L6,52,66
CGGCCACGCACAAAGT-1,L6,35,59
CGGGAATTTATGTAAA-1,L6,45,65
CGGGCAGCTAAACCGC-1,L6,32,56
CGGGCCTTCTTTGTAA-1,L6,41,55
CGGTGCAGATAGAACG-1,L6,42,36
CGTATTAAGAGATCTA-1,L6,32,54
CGTGAAGTTAATTCAC-1,L6,40,56
CGTGACCAGTCCTCTG-1,L6,63,55
CGTGCAGACTGGGACA-1,L6,40,74
CGTGCATTGTCGACGC-1,L6,39,31
CGTGCCCTCCCGAAGA-1,L6,43,77
CGTTCAGACCCGCGAA-1,L6,65,61
CGTTCATGGTGCGCGT-1,L6,48,20
CGTTGAGCGACCGTCG-1,L6,44,74
CGTTGTCGGCAATTGA-1,L6,64,66
CGTTTCGCTCATTACA-1,L6,35,49
CTAAAGGGAAATAGGA-1,L6,44,62
CTAACCGCGCGCCCGT-1,L6,37,35
CTAAGGGAATGATTGG-1,L6,44,72
CTACGCACGGAGTACC-1,L6,35,57
CTAGATTTACGACGGC-1,L6,42,74
CTAGCATAGTATAATG-1,L6,34,66
CTAGGTTCGGACGTGA-1,L6,58,70
CTAGTCACGTCTTAAG-1,L6,37,69
CTAGTTACAACCCGGT-1,L6,53,67
CTATCGGGTCTCAACA-1,L6,35,69
CTATGCCCGAATGCAA-1,L6,63,59
CTATGTCACTAGCCCA-1,L6,30,66
CTATGTGAGTCACGGC-1,L6,45,17
CTATTCATGTGTCCCA-1,L6,52,62
CTCACATTTACTAAAT-1,L6,62,68
CTCACTTGGCTGGTAA-1,L6,40,26
CTCCGCCCACATGAGG-1,L6,43,39
CTCGAGGTCGAACAGT-1,L6,29,59
CTCGCCGAATGTAGGG-1,L6,60,64
CTCTATTTGGCTGCAG-1,L6,48,68
CTCTCACAATCGATGA-1,L6,32,70
CTCTGGACGCCTGGTG-1,L6,32,62
CTGCACAACTACATAT-1,L6,50,76
CTGCACTCCAGTACAG-1,L6,54,70
CTGCCATGCATCACAT-1,L6,40,62
CTGCTTGGCGATAGCT-1,L6,53,75
CTGGACGCAGTCCGGC-1,L6,51,13
CTGGGCCTGCTATATC-1,L6,44,30
CTGGGTAGGCAGTTAA-1,L6,43,79
CTGTACTTCTTAGCAT-1,L6,39,51
CTGTGCAGGGTAGGTC-1,L6,42,70
CTGTTACCCAATCTAG-1,L6,48,58
CTTCATTGTCAGTGGA-1,L6,36,60
CTTCGTAGATAGGTGA-1,L6,39,45
CTTGCAACCGCCTCCT-1,L6,43,25
CTTGGCCAAGCTGGGA-1,L6,61,57
CTTGTCAACATTCGAG-1,L6,50,66
CTTGTTGCTGAGTCAA-1,L6,38,80
CTTTAATATTGGTCGA-1,L6,51,73
CTTTAGTGCTATTATT-1,L6,44,64
CTTTCTGTGCGGGCTT-1,L6,54,66
GAAATTGTCTCTATAA-1,L6,43,53
GAACAGATTACTAAAT-1,L6,57,71
GAACCCTCTGTGTTCT-1,L6,59,67
GAAGCCACTGATTATG-1,L6,65,69
GAAGCCTGCACATTCC-1,L6,61,61
GAAGCGTGAGGAATTT-1,L6,34,60
GAAGGAGTCGAGTGCG-1,L6,66,60
GAAGTGATTTATCGTG-1,L6,39,47
GAAGTTTCCACTCAAT-1,L6,36,46
GAATCTGAACATTCTC-1,L6,42,64
GAATGCGAATCGGTTC-1,L6,63,69
GAATTATAGTGAAAGG-1,L6,34,68
GACACAAGGGAAGAAA-1,L6,30,72
GACCGTGCTGACGGTG-1,L6,40,52
GACGACGATCCGCGTT-1,L6,52,70
GACGCTTGCTTCTAAA-1,L6,38,36
GACTGCACCAGCCCAG-1,L6,46,80
GAGAGGGCGCGAGGTT-1,L6,38,40
GAGAGGTGCATTCTGG-1,L6,44,28
GAGATCTGCTTGGCAT-1,L6,34,44
GAGATCTGTCACTCCG-1,L6,30,74
GAGATCTTCCATGACA-1,L6,45,77
GAGATGGGAGTCGACA-1,L6,52,72
GAGGTACGCGTGTCCC-1,L6,67,67
GAGTAAGGCCACGGGA-1,L6,48,14
GAGTAGATACTAGTTG-1,L6,62,64
GAGTATGCGCGTGCAT-1,L6,63,71
GAGTCCGCTTACCGGA-1,L6,46,58
GATAGGTAACGTTGAC-1,L6,48,60
GATATGAGACACTAAC-1,L6,39,81
GATCATTCCAAACATT-1,L6,30,56
GATCCCTTTATACTGC-1,L6,28,60
GATCCGGGAATTAACA-1,L6,39,73
GATCGCGGGCTCTCCA-1,L6,36,52
GATCGGTGGCCATAAC-1,L6,28,68
GATCGTGACTGATATC-1,L6,38,72
GATCTGCTATCTAAGG-1,L6,62,56
GATCTTGGAGGGCATA-1,L6,44,70
GATCTTTGCAGGGTAT-1,L6,36,38
GATGCGTCCTGCATTC-1,L6,37,57
GATGCTGTATTTCATC-1,L6,43,75
GATGTTCAATCCACGA-1,L6,41,43
GATTACTGAATTTGGG-1,L6,41,39
GATTCGACGGTTCACG-1,L6,41,71
GCAAACCTTGGCCATA-1,L6,57,67
GCAAATATTACGCTTT-1,L6,35,41
GCAACACACTAGAACT-1,L6,46,16
GCAACCACGGCCGCGT-1,L6,43,29
GCACTGCCTACCTTTA-1,L6,66,68
GCAGATTAGGGATATC-1,L6,37,61
GCAGCACACAGCCCAG-1,L6,38,42
GCATAGAGCACTCAGG-1,L6,37,59
GCCCGATCTGTGGTCG-1,L6,53,63
GCCGAAATTCCTACGT-1,L6,35,45
GCCGATTGGCCAAGCT-1,L6,41,61
GCCGCTTGTGAGAAAC-1,L6,36,40
GCCGGGTTAGGGTCGC-1,L6,41,59
GCCTCTATACATAGCA-1,L6,55,75
GCGAAGCCATACCCGT-1,L6,31,61
GCGAGGCCCGAGCAGA-1,L6,37,47
GCGAGTTCTGCAAAGA-1,L6,35,63
GCGATTGTTAACGTTA-1,L6,37,77
GCGCCGTTCCACGATA-1,L6,41,65
GCGCTAATTGAATAGA-1,L6,34,70
GCGGAGAGGGAGAACG-1,L6,46,78
GCGGCTCTGACGTACC-1,L6,38,38
GCGTCGCCAGGGTGAT-1,L6,54,62
GCGTCTCTGCATTGGG-1,L6,39,41
GCTAAGTAGTTTCTCT-1,L6,34,80
GCTACGACTTATTGGG-1,L6,43,69
GCTAGTAGAGCTTGTA-1,L6,39,65
GCTCAATGTAATACCG-1,L6,62,58
GCTCTTTCCGCTAGTG-1,L6,64,54
GCTGAGGCGTGAGTAT-1,L6,40,64
GCTGCACGGTTTCTTA-1,L6,41,73
GCTGCTACTGCGTAGC-1,L6,51,75
GCTGCTCTCCGGACAC-1,L6,31,63
GCTGGCGGCGCATGCT-1,L6,54,64
GCTTCCGTCCCTAGAC-1,L6,29,77
GGACCAACAGGATAAC-1,L6,51,67
GGAGACGACACCTTTG-1,L6,43,67
GGAGCGAGGCCTACTT-1,L6,67,69
GGAGGGCTTGGTTGGC-1,L6,32,78
GGATGACGCGAGTTTA-1,L6,37,45
GGCAAATTACTTTACT-1,L6,41,53
GGCAAGGCGAAATAGC-1,L6,45,69
GGCAATAGTCAATGAG-1,L6,30,70
GGCACTCCACTGGGCA-1,L6,34,46
GGCGCATGAATTGATG-1,L6,42,54
GGCGCGTTCGAGTTTA-1,L6,47,59
GGCGCTTCATTCCCTG-1,L6,67,71
GGCGGTAGGATCATTG-1,L6,31,69
GGCTGAAATAGCAAAG-1,L6,49,79
GGCTTTCAATAAGGGT-1,L6,60,62
GGGAACGGGAGGTTAG-1,L6,39,37
GGGACTGCATAGATAG-1,L6,32,60
GGGAGAACTCACAGTA-1,L6,32,64
GGGAGGATGCCCGAAA-1,L6,37,51
GGGAGTTAATGAGGCG-1,L6,33,75
GGGCAGAGCAATCGTT-1,L6,58,60
GGGCCCGTCTTAAACA-1,L6,42,52
GGGCGGGTTCCCTACG-1,L6,43,37
GGGCTGCCTAGGGCGA-1,L6,33,69
GGGTACTTCATGAACT-1,L6,37,39
GGGTCACCGTGACGGT-1,L6,35,47
GGGTCAGGAGCTAGAT-1,L6,65,55
GGTACAAACATGCTAT-1,L6,40,54
GGTAGAAGACCGCCTG-1,L6,53,71
GGTAGTGCTCGCACCA-1,L6,34,72
GGTATTGCCGAGTTTA-1,L6,33,53
GGTCAGTGGGTCCCAC-1,L6,48,62
GGTCGTAAGCTCGCAC-1,L6,49,19
GGTCTGAGAATCTGGA-1,L6,30,80
GGTCTTGAGCGCTCTT-1,L6,65,65
GGTGATAAGGAGCAGT-1,L6,37,79
GGTGCTGGTACACATT-1,L6,42,46
GTACACTTACCTGAAG-1,L6,36,64
GTACGCTTCATTGCAC-1,L6,46,72
GTACGTTTGCCCGTCA-1,L6,44,68
GTACTGGAGTTAGACC-1,L6,33,81
GTAGACACGCCTGACT-1,L6,63,67
GTAGCCAAACATGGGA-1,L6,50,70
GTAGCGGCTATACACT-1,L6,39,69
GTATCTTTCATAACCA-1,L6,46,66
GTCAAGCGGACTCGGG-1,L6,39,77
GTCATGCACCTCCGTT-1,L6,29,61
GTCATTAGAGCGAACG-1,L6,37,67
GTCCCAACGTAAAGTA-1,L6,33,73
GTCGCGTAACCCGTTG-1,L6,39,75
GTCGGGAAGCAGAAAC-1,L6,59,65
GTCGTACCATCTCGGG-1,L6,46,62
GTCGTTATTCGCTTAT-1,L6,46,76
GTCTATCTGAGTTTCT-1,L6,40,42
GTCTCAAGGCCCGGCT-1,L6,60,66
GTGAGGACACTTAAGG-1,L6,41,77
GTGATCATAGATCTGC-1,L6,45,57
GTGCACCAGCTTCAAC-1,L6,66,54
GTGCCATCACACGGTG-1,L6,42,34
GTGCTCAAGTACTGTC-1,L6,34,52
GTGGACCAACCCGATT-1,L6,45,29
GTGGACGCATTTGTCC-1,L6,56,64
GTGGGAAGACTGAATC-1,L6,45,15
GTGGTGGCCAAGTGAA-1,L6,45,79
GTGGTTTCCGCCTTTC-1,L6,42,32
GTGTCGTATAGCGTTC-1,L6,54,76
GTGTTACTATGCGTCC-1,L6,41,75
GTTAACATCACTTAAA-1,L6,55,73
GTTAAGGGTGCGATGT-1,L6,61,71
GTTACCTACAACTTGC-1,L6,47,67
GTTCGCCATAAGTGCC-1,L6,37,53
GTTGAACCGGTTCCAT-1,L6,42,40
GTTGAGTCCCGCCGGT-1,L6,52,78
GTTGGATTTGCGTTGG-1,L6,36,50
GTTGGTCATGCTATCC-1,L6,55,63
GTTTACGTTCCATCTG-1,L6,48,64
GTTTCTGCAGTCTCCC-1,L6,40,72
GTTTGACCAAATCCTA-1,L6,30,58
GTTTGGCCCAAGTTAT-1,L6,42,80
GTTTGGGCTTGTGAGC-1,L6,51,65
GTTTGGTAGGGTCAAC-1,L6,53,59
TAACATACAATGTGGG-1,L6,38,70
TAAGGCCCGTCACCCT-1,L6,62,70
TACAACGCACAACTCA-1,L6,41,49
TACATAGGCATACACC-1,L6,40,60
TACATTTCTAACGTGC-1,L6,39,55
TACCAAATAGCCCAGA-1,L6,59,61
TACCGGCTCACTGCCC-1,L6,47,65
TACCGTGCCTCGGACC-1,L6,51,69
TACCTACTCCCAGTAT-1,L6,58,62
TACGAACACGACTTCA-1,L6,31,53
TACGACTGCCTCTTAG-1,L6,44,66
TACGCAGTTCTTTCCT-1,L6,41,51
TACGCCATATTCTAAT-1,L6,40,58
TACGCCTCCATTCCGA-1,L6,55,59
TACGTTTACCGGCAAT-1,L6,40,32
TACTTTCCGCACGCCA-1,L6,47,19
TAGAAAGGTGGCGCTA-1,L6,31,81
TAGAGATCATGCAACT-1,L6,44,26
TAGCGTCCGGTGTGGT-1,L6,53,77
TAGCGTTGGGTCTTAC-1,L6,38,68
TAGCTAAGTCCGGGAG-1,L6,29,57
TAGGTGTTCCACAGAT-1,L6,60,60
TAGGTTCGAGTTCGTC-1,L6,35,67
TAGTCCGCAGAGAATG-1,L6,39,53
TAGTCTAACAACGAGA-1,L6,40,34
TAGTGCCCTCCAGAGT-1,L6,32,52
TATACACAGACGCCTT-1,L6,50,60
TATACGCGTCATCACT-1,L6,60,68
TATCTACCACAGCGGG-1,L6,42,60
TATGGGACCGAGCAGG-1,L6,36,56
TATGGGTACGTATCGT-1,L6,32,58
TATGGTCTGAGTAACA-1,L6,36,58
TATTCAATTCTAATCC-1,L6,34,74
TATTCGTGCCAGAATA-1,L6,34,64
TCAAACTTAGATTGTT-1,L6,31,65
TCAAATTTGAGACTCA-1,L6,60,70
TCAACATCGACCGAGA-1,L6,44,16
TCAACGAGGAGACAAA-1,L6,42,56
TCAATACGCCGTCATG-1,L6,63,61
TCACAGGGAATCGCAA-1,L6,47,79
TCACCCTCTTAAGATT-1,L6,45,59
TCACGCATTGTAGATC-1,L6,33,49
TCACGTGCCCGATTCA-1,L6,38,62
TCAGACGCTATAGAAG-1,L6,48,72
TCAGCAAATGCATCTC-1,L6,31,73
TCAGGGTGTAACGTAA-1,L6,28,72
TCATATGAGCTTTGTT-1,L6,64,62
TCCAACTTTAAATTCT-1,L6,40,40
TCCACTTTATCTAGGT-1,L6,31,79
TCCAGAGCACCGGTTC-1,L6,40,70
TCCAGGCGAGTACGGT-1,L6,31,57
TCCAGGGTATATACGA-1,L6,61,63
TCCCAGCTTTAGTCTG-1,L6,34,56
TCCCGCGTACTCCTGG-1,L6,27,69
TCCCGTGTGCAATTTG-1,L6,44,80
TCCGCCTGTCTACAAG-1,L6,56,74
TCCGCTTATCCCATTA-1,L6,50,64
TCCTAAATTGGGAAGC-1,L6,56,70
TCCTAGCAAAGAAGCT-1,L6,41,41
TCCTCCTAAGACATTC-1,L6,47,21
TCCTCGGGCTGGGCTT-1,L6,40,76
TCCTTGTCCTTTAATT-1,L6,69,69
TCCTTTCTTACGCTTA-1,L6,30,62
TCGAGACCAACACCGT-1,L6,37,55
TCGCAAAGATGCATTT-1,L6,47,75
TCGCTCGATATATTCC-1,L6,29,63
TCGCTGGGCGGATTGT-1,L6,28,74
TCGGACGCCCAGCCCA-1,L6,33,79
TCGGAGAGTATCGGGA-1,L6,45,23
TCGGAGTACATGAGTA-1,L6,32,74
TCGGCGTACTGCACAA-1,L6,49,13
TCGGGAGACAGCGTAC-1,L6,59,71
TCGTGTACTATGGATG-1,L6,47,77
TCGTGTCACGCTGACA-1,L6,43,23
TCTAGCATGCCCAGAA-1,L6,48,66
TCTAGTTATCAGAAGA-1,L6,34,54
TCTGCCAGAAACTGCA-1,L6,41,79
TCTGGGTAGCGCTCAT-1,L6,40,36
TCTGTGCCATCATAGT-1,L6,32,80
TCTTCGAATAGACGTT-1,L6,39,71
TCTTCGATACCAATAA-1,L6,32,66
TCTTGATGCGTAGCGA-1,L6,32,68
TCTTGCTCCCGATACT-1,L6,65,67
TGACCAAATCTTAAAC-1,L6,66,62
TGACCCACGTTAGACA-1,L6,33,47
TGACGAATATTTCCCT-1,L6,44,22
TGACTATAATCCTTTC-1,L6,46,68
TGAGCCATACAGTCTC-1,L6,42,38
TGAGCGGAAAGTGTTC-1,L6,55,65
TGAGGAGTGCCAGCTT-1,L6,58,58
TGATCAGGGAACTGCT-1,L6,42,24
TGATTTATTAGCTGTG-1,L6,38,34
TGCAAGAATGACGTAA-1,L6,30,60
TGCAGAACTATATCGT-1,L6,42,22
TGCAGAGTACCGAGCA-1,L6,38,46
TGCCAAAGTCAGACTT-1,L6,43,19
TGCCAGTACGTGGAGA-1,L6,51,71
TGCCCGTACCGTTAAA-1,L6,45,75
TGCCGTGGATCGTCCT-1,L6,57,63
TGCGAATATGGGATTT-1,L6,45,13
TGCGCAAAGCATTTGG-1,L6,31,67
TGCGTTTGTTGACACT-1,L6,42,76
TGCTCGGCGAAACCCA-1,L6,57,61
TGCTCTTGAGAGTTTG-1,L6,64,70
TGCTGTTGAAGAACTC-1,L6,38,66
TGCTTCCCAAGCAGTA-1,L6,62,66
TGGAAGAAGGGAACGT-1,L6,39,35
TGGACTGTTCGCTCAA-1,L6,37,73
TGGCAAACTAAATTAC-1,L6,50,78
TGGCAAGCACAAGTCG-1,L6,66,56
TGGCAGATTACGATCA-1,L6,44,58
TGGCAGCAGTAATAGT-1,L6,39,61
TGGCCAAACTGAAGTA-1,L6,28,76
TGGTCCCACGCTACGG-1,L6,52,74
TGGTTCAACGGGTAAT-1,L6,50,74
TGTACGAACAAATCCG-1,L6,38,58
TGTATAACAGATCCTG-1,L6,29,79
TGTGAGACTAGCCCAA-1,L6,59,63
TGTGGCGGGCTTCTGG-1,L6,65,59
TGTTCCGCTTCCATGA-1,L6,36,44
TGTTCGTATTGCGGTG-1,L6,49,61
TTAACTTCAGGTAGGA-1,L6,46,26
TTAATGTAGACCAGGT-1,L6,30,68
TTACCCTAGGGATTGG-1,L6,60,58
TTACTAAAGGACTTTA-1,L6,48,78
TTACTCCGGCCGGGAA-1,L6,34,78
TTACTCTGGTACGTAC-1,L6,43,31
TTAGAAGAACATGACT-1,L6,52,64
TTATATACGCTGTCAC-1,L6,38,74
TTATGAATGAAAGGGA-1,L6,41,63
TTATTAGAGCGTGTTC-1,L6,46,70
TTCAAAGTCTCTAGCC-1,L6,35,75
TTCACGAAAGGATCAC-1,L6,38,54
TTCACTCGAGCACCTA-1,L6,55,69
TTCCGCGTGAGGCGAT-1,L6,46,64
TTCGACAGAGCCCGTG-1,L6,52,68
TTCGCACTGTACGACA-1,L6,61,59
TTCGGGACTAATCGCG-1,L6,36,72
TTCGGTACTGTAGAGG-1,L6,67,63
TTCTATTAAACGCAGC-1,L6,67,55
TTCTGCCGCGCCTAGA-1,L6,49,69
TTCTGCGGGTTAGCGG-1,L6,40,80
TTGAAGAATTCCCAGG-1,L6,32,50
TTGAATATGGACTTTC-1,L6,34,76
TTGACATGAACGTGGA-1,L6,44,32
TTGCACAATTCAGAAA-1,L6,43,57
TTGCATGCTGATCACG-1,L6,41,35
TTGCTGATCATGTTCG-1,L6,33,57
TTGGACATGTGGCTTA-1,L6,41,29
TTGGGACACTGCCCGC-1,L6,28,70
TTGGGCGGCGGTTGCC-1,L6,30,76
TTGTAATCCGTACTCG-1,L6,35,55
TTGTGTATGCCACCAA-1,L6,56,60
TTGTTGTGTGTCAAGA-1,L6,31,77
TTGTTTCCATACAACT-1,L6,45,27
AAACACCAATAACTGC-1,WM,59,19
AAACCGTTCGTCCAGG-1,WM,52,42
AAACTTAATTGCACGC-1,WM,64,12
AAAGGCCCTATAATAC-1,WM,66,22
AAAGGCTACGGACCAT-1,WM,62,54
AAAGGCTCTCGCGCCG-1,WM,55,55
AAAGTAGCATTGCTCA-1,WM,51,27
AAATTGATAGTCCTTT-1,WM,55,31
AAATTTGCGGGTGTGG-1,WM,47,33
AACAATACATTGTCGA-1,WM,61,37
AACAGCTGTGTGGCAA-1,WM,59,31
AACATTGAAGTTGATC-1,WM,67,23
AACATTGTGACTCGAG-1,WM,64,52
AACCATAGGGTTGAAC-1,WM,65,11
AACCCATCCCATGATC-1,WM,56,14
AACCCGACAACCCGTG-1,WM,67,43
AACGGCCATCTCCGGT-1,WM,47,39
AACGTACTGTGGGTAC-1,WM,48,42
AACTCTCAGTGTGCTC-1,WM,53,41
AAGACCCAACTGAACA-1,WM,60,54
AAGATGGCACCGGACC-1,WM,59,39
AAGCCGCCGTGAAATC-1,WM,65,23
AAGCGTCCCTCATCGA-1,WM,57,35
AAGGGAACGACTGGCT-1,WM,63,21
AAGGGACTATGCATTC-1,WM,60,26
AAGTGAGTCGGGTTTA-1,WM,62,48
AAGTGCGTTAGAATCT-1,WM,49,27
AAGTTCGGCCAACAGG-1,WM,46,34
AATAACACTAGAACAA-1,WM,52,38
AATACCGGAGGGCTGT-1,WM,67,37
AATAGAACAGAGTGGC-1,WM,52,46
AATAGTCCGTCCCGAC-1,WM,57,57
AATCTAGGTTTACTTG-1,WM,52,16
AATCTGGCTTTCTAGT-1,WM,51,15
AATGACAGCAATGTCT-1,WM,48,30
AATGTGCCCGAGGTGT-1,WM,55,27
AATGTGCTAATCTGAG-1,WM,66,32
AATTGCGTGGATTACA-1,WM,67,9
ACAAACCATGCGTCCT-1,WM,64,16
ACAATGAATACGGAGA-1,WM,57,31
ACACATGATCAAATCT-1,WM,60,16
ACACCGGTCTGACCGC-1,WM,65,17
ACACTGATCAAGGTGT-1,WM,52,48
ACAGAACTGAGAACAA-1,WM,52,24
ACAGGTGGAGGTGAGG-1,WM,51,39
ACATCCCGGCCATACG-1,WM,55,57
ACCAACGCTTATTTAT-1,WM,53,49
ACCCGAGCGAAATTAC-1,WM,61,29
ACCCGTGTCATCAGTA-1,WM,58,54
ACCCTATGCCATATCG-1,WM,56,40
ACCGGTCAGGTACACC-1,WM,59,15
ACCGTGACCACGTGGG-1,WM,61,39
ACCTAAGTACCTTTCA-1,WM,50,30
ACCTCGAACTTATGCT-1,WM,65,15
ACGACTGGTCATACTC-1,WM,64,34
ACGAGGATACCACTCT-1,WM,50,18
ACGAGGTTTACAACGT-1,WM,57,13
ACGCAAACTAATAGAT-1,WM,63,47
ACGGCCAACATGGACT-1,WM,53,55
ACGGCTGGATGTAGAA-1,WM,61,11
ACGTTCGTTCAGGAAA-1,WM,60,44
ACTACATCCCGACAAG-1,WM,63,17
ACTACGCGTTAGAATT-1,WM,60,56
ACTATGTCCAGCTGCC-1,WM,64,22
ACTATTTCCGGGCCCA-1,WM,59,41
ACTCATGGCAGCCTTC-1,WM,67,17
ACTCCAATATCATCAT-1,WM,63,29
ACTCGTAACCCGTCCT-1,WM,49,23
ACTTTGGTCGTGCTCC-1,WM,61,13
AGAAGGTACACTTCAC-1,WM,52,14
AGAAGTGATTCGTGAT-1,WM,48,28
AGACGACGATGCCGCT-1,WM,53,33
AGACTGTTACCGGGTC-1,WM,63,45
AGAGAAGGAGTACAAT-1,WM,58,34
AGATGCAAGACGTGCA-1,WM,58,24
AGATTCACAACCGATA-1,WM,53,13
AGCAACCGAAAGTAAT-1,WM,56,20
AGCACACGTTTAGACT-1,WM,68,26
AGCAGCCAGATGAATA-1,WM,56,58
AGCATCATTTCGAAAG-1,WM,53,19
AGCCCGGCATTAGAGG-1,WM,64,26
AGCCCGGTAGCCTGTA-1,WM,61,49
AGCCCTCCCTGGTGGC-1,WM,67,29
AGCCGTGGCTAAATGT-1,WM,50,22
AGCGACAGGAACGGTC-1,WM,51,37
AGCGAGACGTGAAGGC-1,WM,68,22
AGCGCATAATGAATCG-1,WM,57,55
AGCTAACAAGCAATGT-1,WM,61,33
AGCTGTAACCTCAATC-1,WM,54,28
AGGACGACCCATTAGA-1,WM,43,45
AGGCAGGGAGCGTACT-1,WM,59,49
AGGCGGTTTGTCCCGC-1,WM,59,17
AGGCTTCCCGAAGAAG-1,WM,50,42
AGGGACTCTACGCGAC-1,WM,55,53
AGGGTGCCGTTCTTTA-1,WM,65,33
AGGGTTCAGACGGTCC-1,WM,69,45
AGGTAGATCGAGATAT-1,WM,63,35
AGTAATTTGCAAGCGT-1,WM,69,9
AGTATACACAGCGACA-1,WM,64,48
AGTATGCTGGAGACCA-1,WM,58,26
AGTATTTGGCACGACC-1,WM,58,52
AGTCAAATGATGTGAT-1,WM,67,35
AGTCGTGGGCATTACG-1,WM,51,29
AGTCTCACAAGACTAC-1,WM,54,30
AGTGACCTACTTTACG-1,WM,44,52
AGTGACTGTGACACAA-1,WM,66,28
AGTGATATGAGTAGTT-1,WM,45,49
AGTGCGTAGCTCGTAA-1,WM,46,42
AGTTAAGTCAACCGCT-1,WM,51,25
AGTTTGGCCAGACCTA-1,WM,47,31
ATAAGTTACCGCGACG-1,WM,46,52
ATACGGAACGTCGTTT-1,WM,56,22
ATATAGAGTATTGGTC-1,WM,63,11
ATATTCAGTTAAACCT-1,WM,44,40
ATCAAACGAAGGTTTG-1,WM,49,33
ATCAATGCCGTGGCTG-1,WM,61,19
ATCACGTGCTAATTAA-1,WM,46,36
ATCAGACGGCACGCCG-1,WM,44,42
ATCCAGAGCAACAACC-1,WM,50,52
ATCCCATCCACAGCGC-1,WM,62,14
ATCCTACCTAAGCTCT-1,WM,44,48
ATCCTGCGTGGAATGG-1,WM,45,47
ATCGTGGAAAGTCTGG-1,WM,63,23
ATCTGACATGGAAGGA-1,WM,63,41
ATCTTAGGGCATTAAT-1,WM,69,11
ATGACGCGTTCTATCC-1,WM,52,30
ATGACTATCAGCTGTG-1,WM,63,43
ATGATGCAATGGTACA-1,WM,44,50
ATGGCAGCATTACGAT-1,WM,64,18
ATGGGACCTGCTGAAC-1,WM,61,31
ATGGGTGTATACCTCC-1,WM,64,24
ATGGTATTTACTGATT-1,WM,69,13
ATGTTGTAGTCTGTTT-1,WM,65,47
ATTATGAGACCCAATT-1,WM,66,12
ATTATTATGTCCGTCA-1,WM,59,37
ATTGCCTATTAGACCG-1,WM,67,25
ATTTCCGGGTTCTGCG-1,WM,55,35
ATTTGCGCGAGTAGCT-1,WM,53,31
CAAACGAGTATCGCAG-1,WM,47,47
CAAAGATTATTGGGCC-1,WM,56,30
CAAATGTCCTTCCGTG-1,WM,45,53
CAACTGCTCATCCGAT-1,WM,59,55
CAATATTCTTGACCTA-1,WM,54,40
CACAAGCTAAGAAAGG-1,WM,67,15
CACAGAGACGAGGACG-1,WM,64,20
CACATCGTGCACGCGC-1,WM,60,38
CACCAGTCAGCATGCA-1,WM,60,22
CACCCGGTTTGTGACT-1,WM,53,39
CACCGGTAGAGACATT-1,WM,66,16
CACCGTTAGGGATCAC-1,WM,53,37
CACCGTTGCGCGATAT-1,WM,47,29
CACGTCGGCAACCTCT-1,WM,49,37
CACTCCTATGTAAGAT-1,WM,56,36
CACTCTCAAGCATCGA-1,WM,69,47
CACTGACGATTGTGGA-1,WM,65,51
CAGACACCGATCGCTG-1,WM,53,51
CAGACGAACCTGATAC-1,WM,50,50
CAGAGACGGTCACCCA-1,WM,51,57
CAGAGGCGATGCATGA-1,WM,54,48
CAGATATGAAGATGAC-1,WM,67,19
CAGATCCTGGTTTGAA-1,WM,55,17
CAGCGATTCCCTTCAA-1,WM,53,43
CAGGCGCACGGTGGTC-1,WM,56,28
CAGTTCGAGGACCCGA-1,WM,69,49
CATACACGGTTCCCAC-1,WM,61,55
CATACGAACTAGCTGG-1,WM,65,31
CATACTTCTTTCTCCG-1,WM,68,52
CATAGCGTTGCCCACC-1,WM,54,42
CATAGTCCACAAGAAC-1,WM,45,31
CATATGTCAGGCTACG-1,WM,48,24
CATCCAATATAGTTTG-1,WM,66,18
CATTATCCCATTAACG-1,WM,67,31
CATTTGAGTGGTACGT-1,WM,50,48
CCAACCTTATGTAACT-1,WM,67,41
CCAAGAAAGTGGGCGA-1,WM,52,52
CCACCAACTTTACTGT-1,WM,52,40
CCACGGAGCCATAAGA-1,WM,47,27
CCAGAAAGCAACTCAT-1,WM,52,36
CCATGTTCATCTATAT-1,WM,68,28
CCCAATGAGATTTGCA-1,WM,60,40
CCCAGTAAACTTGGGA-1,WM,52,12
CCCGGTGTATCGGAAT-1,WM,53,17
CCCGTAGCTGGGAAGA-1,WM,57,39
CCCTATGTAGAGCAGA-1,WM,60,24
CCCTTTGACAGGTCTT-1,WM,50,56
CCGACGGGCATGAGGT-1,WM,54,26
CCGCCGGAACTTCTCG-1,WM,54,12
CCGCGGAATGCGTCAC-1,WM,51,45
CCGCTTACCTCACTCT-1,WM,47,35
CCGGAGCGTACTTTCT-1,WM,58,56
CCGGTTTGTAATTGTG-1,WM,56,42
CCGTATCTCGTCGTAG-1,WM,53,27
CCGTCAACCTCTGGCG-1,WM,68,14
CCGTGTTAAATTCCAT-1,WM,48,36
CCTACATTCACAGACG-1,WM,51,33
CCTATACCGTCCTGTC-1,WM,55,45
CCTATATTTGTCCTGG-1,WM,62,52
CCTATGGCTCCTAGTG-1,WM,62,24
CCTCCTAGCTAGAGTC-1,WM,67,13
CCTCTACAAGGATTGG-1,WM,67,27
CCTCTATCGATTAGCA-1,WM,52,26
CCTTCAGTTAAAGTGA-1,WM,61,47
CCTTTAAGGGAGCACT-1,WM,58,50
CGAACCCGCATGCGTC-1,WM,49,49
CGAAGGGTTTCAGATT-1,WM,66,14
CGAATCTGCTCGACGC-1,WM,62,22
CGAATGAAGTCATTGC-1,WM,62,20
CGAGTACTAAAGAGGA-1,WM,45,35
CGAGTGAAGGTACCAG-1,WM,55,29
CGATAGCGATACAGTG-1,WM,66,10
CGATCCTCGCAACATA-1,WM,66,40
CGATGTTGTTATCTAC-1,WM,58,12
CGCCCAGCACGCCTAG-1,WM,59,51
CGCCCTAATTGTTCAA-1,WM,67,11
CGCGAGTCTGCCGGGT-1,WM,52,20
CGCGCAAATGTCCAGA-1,WM,56,24
CGCGCATGTTTGATTG-1,WM,50,54
CGCTGTGTGGATGTTG-1,WM,59,43
CGCTTAGTATTGATAC-1,WM,66,52
CGGAAAGAATCAAACG-1,WM,58,48
CGGAACGTAAACATAG-1,WM,47,45
CGGCCAGAGCGACCAT-1,WM,67,49
CGGTCCGTCGCAAGCC-1,WM,63,51
CGGTGCGCGTTGGTCC-1,WM,49,39
CGGTTGAGTATCCTTC-1,WM,66,30
CGTAACTTCGACACTT-1,WM,68,50
CGTCACGTCCATTGGT-1,WM,47,51
CGTCGCTTGGTTATAC-1,WM,63,25
CGTCGGGTCTAAGCGC-1,WM,54,22
CGTGCTTCTACCTAAA-1,WM,62,28
CGTGGTACCCAAAGGC-1,WM,66,42
CGTGTCTCGTTACGAC-1,WM,60,34
CGTTCAAGGAAACGGA-1,WM,70,46
CGTTGCCCGCGTGGGA-1,WM,65,45
CGTTTGTGTAGAGGGT-1,WM,55,41
CTAAATCCGGTGTACA-1,WM,61,35
CTAACTGGTCCGGTTC-1,WM,50,36
CTACAAGAAATAACCC-1,WM,58,40
CTACATATCGCGGGAC-1,WM,68,12
CTACTATCATAGGTTT-1,WM,53,25
CTACTCAAGGTATAGT-1,WM,60,42
CTATAGGCGTTGATGT-1,WM,62,38
CTCAAACCACTGCCCG-1,WM,64,40
CTCATGGTAATTTGCG-1,WM,50,26
CTCCCTCCTTTCGATC-1,WM,51,23
CTCCTCCAGCTCACAC-1,WM,62,50
CTCGCATTGCATAGCC-1,WM,60,12
CTCGGGTTCTCTGGCC-1,WM,61,27
CTCGGTTGTCGGCCCT-1,WM,56,26
CTCGTCGAGGGCTCAT-1,WM,60,18
CTCTCTAACTGCCTAG-1,WM,57,21
CTCTTCTGGAAGTTAG-1,WM,62,40
CTCTTGTCCCGCTTGG-1,WM,54,58
CTGAATCCGAGACCTC-1,WM,47,53
CTGCCTTTAATACCTT-1,WM,64,28
CTGCTGAGGCCACGAA-1,WM,49,35
CTGGATTTACACTTGA-1,WM,49,55
CTGGCATCCGAATGAG-1,WM,48,26
CTGGCTGGTTGTCAGT-1,WM,54,56
CTGGTGAATGGGCCTA-1,WM,65,19
CTGTAGCCATCTCACT-1,WM,56,46
CTGTTGTTCAGTCGTA-1,WM,67,21
CTTAGGTATAGACCAG-1,WM,63,15
CTTAGTTGAGGAATCG-1,WM,67,33
CTTCAGTGGTCGCCTA-1,WM,54,18
CTTCCGCTCCGTGAAG-1,WM,56,50
CTTCTATGTTGAAGTA-1,WM,46,28
CTTCTATTAATGCTAG-1,WM,51,47
CTTCTGGGCGTACCTA-1,WM,66,34
CTTGCCCAGGCTCTAC-1,WM,45,55
CTTTGGGATTGTTGCA-1,WM,62,44
GAAACATAGGAAACAG-1,WM,60,20
GAAACCGAATTACCTT-1,WM,45,51
GAAACCTATACAAATG-1,WM,60,52
GAAAGCAGTGCACTTT-1,WM,56,54
GAAGAAACGATATTGT-1,WM,59,29
GAAGCTCGGACCCGTC-1,WM,55,21
GAAGTCAGTTGCACTA-1,WM,52,58
GAATAGTGCTCGATTA-1,WM,60,36
GAATTCACCCGGGTGT-1,WM,47,55
GACACTGAGTTCAGTG-1,WM,44,46
GACATCGATTTATAAC-1,WM,52,50
GACCCAATTATGATAC-1,WM,54,20
GACCGATTAAATATGT-1,WM,68,16
GACGCCGTAAAGGCTA-1,WM,54,54
GACGGGTTGGCCCGTA-1,WM,61,51
GACTACAAAGCGGTGG-1,WM,49,21
GACTGCTGGTGAGAAA-1,WM,67,39
GAGACTTCGCGACCGA-1,WM,53,57
GAGCATCAACAACTTG-1,WM,64,30
GAGCGCTGTTAGGTAA-1,WM,61,23
GAGCGGAATGCGGTGT-1,WM,68,48
GAGGAATATCTCTTTG-1,WM,71,45
GAGGCCCGACTCCGCA-1,WM,55,23
GAGGGAGTCAGATCGC-1,WM,65,41
GAGGGTAGTAACAAAG-1,WM,63,31
GAGTATGCCCGCCTTG-1,WM,49,43
GAGTCAGACCAGAATC-1,WM,56,48
GAGTTGATGGCAATTT-1,WM,51,19
GATACGATGGGAGTCA-1,WM,45,45
GATAGTGCGAGTAAGT-1,WM,68,44
GATCAACATAAAGGGA-1,WM,62,36
GATCCTCGACACTGGC-1,WM,50,32
GATCGCTATATCTCAG-1,WM,61,25
GATGACAAGTAGGGCA-1,WM,57,33
GATGCCTTCTGCGGCA-1,WM,58,14
GATGTAACGAACCACC-1,WM,51,21
GATTGCTCCAGTTGCA-1,WM,63,27
GCAAAGGGCGTTAGCC-1,WM,66,20
GCAAGAATTCCTTGGC-1,WM,44,36
GCAAGTGTAAAGCATG-1,WM,67,45
GCACAAACCCTAGATG-1,WM,65,21
GCACGCCTACTTAGAT-1,WM,55,39
GCAGGAACTTAGATCT-1,WM,53,15
GCCACAATTTAAGGAC-1,WM,45,39
GCCATCGAGCTGCGTG-1,WM,53,47
GCCATTAGCCTCAAAC-1,WM,55,13
GCCCGACTTCTTCCCG-1,WM,49,25
GCCCGAGAGTCTAAAT-1,WM,62,10
GCCCGCGCGTAAACGG-1,WM,49,41
GCCCTAGCCGTCGCGA-1,WM,54,16
GCCGACCCACGACTGC-1,WM,62,30
GCCTTTGTCAGTGGAC-1,WM,64,10
GCGACCCAACCATCTG-1,WM,59,33
GCGACGATAGTTGTAC-1,WM,48,54
GCGCAAATATATTCAA-1,WM,58,28
GCGCTATGCCGAGGCA-1,WM,43,47
GCGGACCGCGTTGTGG-1,WM,51,43
GCGGAGAAACTTCGCA-1,WM,55,33
GCGGCAAAGTATTGCC-1,WM,59,27
GCGGGCGAGCCTTACC-1,WM,55,51
GCGGTTCCCTATCATG-1,WM,47,49
GCGTCCCTAAGACATA-1,WM,64,42
GCTAGCGATAGGTCTT-1,WM,66,24
GCTAGCTTGAATAGCT-1,WM,52,44
GCTCAATCCGTTTATT-1,WM,53,35
GCTCCTGACATACTGG-1,WM,56,32
GCTGAATCTTCCAATC-1,WM,59,23
GCTGCTAAGTAGTCGA-1,WM,56,56
GCTGGTTTAGGCCATA-1,WM,60,14
GCTGTATTACTGGCCC-1,WM,46,38
GCTTCGACGTTCAATC-1,WM,69,15
GGAACCGTGTAAATTG-1,WM,49,47
GGAACCTTGACTCTGC-1,WM,59,21
GGACCTCTAGGCCGCC-1,WM,58,30
GGACTCGACAGCGCAT-1,WM,68,46
GGACTCGTGAGTGGTC-1,WM,64,38
GGATCTTACTGCCCTT-1,WM,65,35
GGATCTTGACTCAACC-1,WM,51,17
GGCAAAGGCGCCAATA-1,WM,54,34
GGCCGAGACTCTGGTG-1,WM,62,32
GGCCGTTTGGGTTTCA-1,WM,59,45
GGCTACTATACACTCC-1,WM,64,44
GGCTCCTCCACCTGTT-1,WM,59,35
GGGAACGGTTTCAGAT-1,WM,64,32
GGGACAGAGTTACTCC-1,WM,57,19
GGGACCCGTATATCTT-1,WM,57,53
GGGATGGTCGTAACCG-1,WM,47,43
GGGCAACCGCACGTGC-1,WM,55,19
GGGCACGTAGTACTGT-1,WM,70,48
GGGCGGCAAATGAATT-1,WM,49,45
GGGCGTCACCACGTAA-1,WM,48,50
GGGCGTTTACATTCAT-1,WM,66,26
GGGCTATGATCGATGG-1,WM,57,51
GGGTATTCTAGCAAAC-1,WM,55,15
GGGTGACACCTTAACT-1,WM,46,56
GGGTTAACATTTGAGT-1,WM,54,50
GGTAACCGGGAGGATA-1,WM,57,27
GGTAGACCGTTGGGCG-1,WM,53,53
GGTCGGTCGTCCACAG-1,WM,56,52
GGTCTCTGAATGGACT-1,WM,52,34
GGTGAAGTACAGGGAT-1,WM,47,37
GGTGCATAAATGATTA-1,WM,67,47
GGTTACCACCCTCGGG-1,WM,45,33
GGTTTAATTACCATCG-1,WM,63,39
GTAACTGCCCAAGGAG-1,WM,66,46
GTAATCTGATTCTTCG-1,WM,50,44
GTAGAGGGAGACAAGT-1,WM,51,31
GTAGCTCCGGGAGGCT-1,WM,65,37
GTAGTTCGAAGGCGAA-1,WM,65,39
GTATCTCAGTCTTGAC-1,WM,58,22
GTATGAAATTTCACTC-1,WM,52,22
GTATTCTGAGAAACGA-1,WM,48,38
GTCAAAGAAGTGGTGT-1,WM,56,18
GTCCAATATTTAGCCT-1,WM,65,53
GTCGCCGTTGTGTGTT-1,WM,57,43
GTCTCCTGCCAGTATG-1,WM,59,13
GTCTGGGCGGTCGAGA-1,WM,46,44
GTGACTTCAGTAGTGC-1,WM,46,50
GTGAGTGGTACAACGC-1,WM,52,56
GTGATCAAGCGTGCAC-1,WM,65,27
GTGATTCGCCGCTCAA-1,WM,48,40
GTGCCGCTTCAAAGGT-1,WM,44,44
GTGCGAAATCGAACAC-1,WM,45,43
GTGGAGCGTTTACCGA-1,WM,58,16
GTGGAGTCGGCGGTTG-1,WM,54,38
GTGGCAAACAGCGGCA-1,WM,50,20
GTGGCCGGTTTCTCGG-1,WM,68,10
GTGGGAACAAACCGGG-1,WM,71,47
GTGGTATAGTCTGCCG-1,WM,57,41
GTGTCAGTGTACGTGG-1,WM,68,42
GTTACTTTGGGCCTAG-1,WM,43,51
GTTAGGCTACCCGTTT-1,WM,54,14
GTTATATTATCTCCCT-1,WM,48,56
GTTTGGTGATCGGTGC-1,WM,66,38
TAAACCCAGGAGGGCA-1,WM,54,36
TAAAGCGGTATTTCCA-1,WM,63,49
TAACAGCGTTTGTGCT-1,WM,63,37
TAACATACACGCGATC-1,WM,55,25
TAACTCATCCGCGCGG-1,WM,43,49
TAAGAGGGACAGGGAC-1,WM,63,19
TAAGCGCGAATCAAAT-1,WM,65,25
TAAGGCATAACATCAA-1,WM,57,49
TAAGTAACATCTTGAC-1,WM,46,40
TAAGTCGCCGAGTATC-1,WM,54,32
TAATAGAACAGAGTTA-1,WM,50,38
TAATAGGTCACCAGAA-1,WM,61,21
TACCAGAAGTAGGTTC-1,WM,49,51
TACCGGTCGTTTCCAT-1,WM,44,34
TACCGTAGGTTAACTA-1,WM,59,57
TACCTCAGTTGTCTGT-1,WM,60,50
TACCTCCACACCAATG-1,WM,65,29
TACCTTAAGATTTCCC-1,WM,49,29
TACGACGCTTGCTGCG-1,WM,46,54
TACGCCGAGGGTACCC-1,WM,56,34
TACGCTGCTGTGTTAA-1,WM,68,24
TACGTACTAGTGCTGA-1,WM,62,42
TACTATGGTTCCTCAG-1,WM,57,47
TACTCCTCTAGTTGAC-1,WM,64,36
TACTCTTTCGTCTTCA-1,WM,58,46
TACTGAACAGATTTAG-1,WM,56,44
TAGATATGGACTGGAA-1,WM,49,53
TAGCTAGAAGGCATGA-1,WM,51,51
TAGCTAGTGATGATGG-1,WM,60,48
TAGCTCGCCTGATAAC-1,WM,50,58
TAGGCGGCTGCAAAGA-1,WM,65,13
TAGTACCACAACTTTC-1,WM,63,13
TAGTAGCTTATACCAG-1,WM,61,43
TAGTCCCGGAGACCAC-1,WM,66,48
TATAGAGTCGCTTGAA-1,WM,64,46
TATATAGGGCTTTACG-1,WM,63,33
TATATATCGAGAAATG-1,WM,60,28
TATCCATCTCGGTTAG-1,WM,61,17
TATCCGCACCGTCGGG-1,WM,59,53
TATCTTGCAATACAAC-1,WM,56,16
TATGTAAAGTGCTTAA-1,WM,66,44
TATTAACCTGACCGCG-1,WM,57,45
TATTATGTTTGCCTGC-1,WM,57,17
TATTCCACTCAGCTCG-1,WM,49,57
TATTCCTCCGCCCACT-1,WM,48,32
TCAACAAAGATAATTC-1,WM,53,29
TCAACATAGCGCCCTA-1,WM,58,44
TCAACGCAGGAAATAA-1,WM,49,31
TCACAGCAAACTCGAA-1,WM,51,49
TCACAGGAGAATAAGA-1,WM,55,49
TCACGATGTCCGTGGA-1,WM,52,28
TCACGGCCCAAGAGAG-1,WM,68,18
TCAGCAGTAGGCCCTG-1,WM,61,41
TCAGTAGGGACTATAA-1,WM,46,48
TCAGTGTATACGTCAT-1,WM,58,36
TCATCGATGGTCCCAA-1,WM,57,29
TCCAATAAAGGCTACC-1,WM,63,53
TCCACCTCTAGCCTTT-1,WM,61,53
TCCATCAATACTAATC-1,WM,64,14
TCCCTGGCGTATTAAC-1,WM,58,18
TCCGGTTCGTCCGGTC-1,WM,51,53
TCCTAACCGTCGGGCA-1,WM,62,46
TCGAATATCCCGCAGG-1,WM,58,32
TCGACAACTGAACCCG-1,WM,57,15
TCGAGCCAGGCAGGCC-1,WM,57,37
TCGCCGAAGTTGCGTC-1,WM,45,37
TCGGTCCCGACAATAG-1,WM,57,23
TCGTCAAGTACGCGCA-1,WM,56,38
TCGTTAGGAGTCCCTA-1,WM,52,54
TCGTTGCTATCCGGTC-1,WM,54,46
TCTAATACTGCCTCAG-1,WM,57,25
TCTAGCAATCTCCGCC-1,WM,46,30
TCTCTTACCGCGAACC-1,WM,65,43
TCTGTTACCCAGCATA-1,WM,51,35
TGAATGAGTGTTTCCC-1,WM,66,50
TGACTCCGAATCATAC-1,WM,62,16
TGAGTAAATTAGCGTA-1,WM,47,57
TGAGTGCCTCTTAAAT-1,WM,45,41
TGATACATTTAGCCGT-1,WM,55,43
TGATTCCCGGTTACCT-1,WM,64,50
TGATTCTGTCGCCGGT-1,WM,48,44
TGCAGTGGTAGGGAAC-1,WM,68,20
TGCCAATGGGTACTCT-1,WM,54,52
TGCCGGATGTACGAGC-1,WM,62,34
TGCGACACCCTAGTGC-1,WM,46,46
TGCGACGGCCGAACGT-1,WM,60,32
TGCGAGAATATTACCC-1,WM,50,40
TGCGTAAGAACCTGAT-1,WM,43,43
TGCGTCATGACTGAGC-1,WM,53,21
TGCTTAGAGAGAATGC-1,WM,62,26
TGGACGCAATCCAGCC-1,WM,58,20
TGGCATGAAGTTTGGG-1,WM,56,12
TGGCGACTGCTCCAAA-1,WM,55,47
TGGCGATCAAGTTATG-1,WM,51,55
TGTCGTTATCACATAT-1,WM,61,15
TGTGGTTGCTAAAGCT-1,WM,65,49
TTAAGGCCCGTACTTT-1,WM,59,25
TTACTGGGATATTTCA-1,WM,44,54
TTAGAATAAGGGTCGG-1,WM,61,45
TTAGGTCATAACCGAC-1,WM,58,38
TTATCCTCAAGGAATA-1,WM,52,18
TTCACTTCCTAGAACG-1,WM,67,51
TTCCAATCTGGCTATC-1,WM,48,46
TTCCACACAGATTTGA-1,WM,50,46
TTCCGGCCTTGAGGCT-1,WM,54,44
TTCGCGCGCCATACGA-1,WM,59,47
TTCGGGCGCTAGTCTT-1,WM,55,37
TTCTAGAAAGTCTTAT-1,WM,60,46
TTCTTGAGCCGCGCTA-1,WM,47,41
TTCTTGGACGATCTGC-1,WM,52,32
TTGAAGGATGGGCGCC-1,WM,62,12
TTGACCGTGTTAATGA-1,WM,50,34
TTGACTACCATATGGT-1,WM,43,41
TTGAGAGTACTGCTAA-1,WM,44,38
TTGATTAGCTGTTTCT-1,WM,48,34
TTGCCATAGCCCGCTC-1,WM,54,24
TTGCCGCAGACCTACA-1,WM,62,18
TTGCGGCATCAGAAAG-1,WM,53,45
TTGCGTCGGCCAACCG-1,WM,51,41
TTGGAAGAATACAGTC-1,WM,50,24
TTGGATATCGTCTACG-1,WM,48,52
TTGGTCACACTCGTAA-1,WM,48,48
TTGGTTGCGGTGCGCG-1,WM,53,23
TTGTAAGGACCTAAGT-1,WM,46,32
TTGTGGTAGGAGGGAT-1,WM,50,28
TTGTGTTTCCCGAAAG-1,WM,51,59
TTGTTTCACATCCAGG-1,WM,58,42
TTGTTTCATTAGTCTA-1,WM,60,30
