sample,spot_name,cluster
1,spot1_1,2
1,spot2_1,2
1,spot3_1,2
1,spot4_1,3
1,spot5_1,3
1,spot6_1,3
1,spot7_1,3
1,spot8_1,3
1,spot9_1,3
1,spot10_1,3
1,spot11_1,3
1,spot12_1,3
1,spot13_1,2
1,spot14_1,3
1,spot15_1,3
1,spot16_1,3
1,spot17_1,3
1,spot18_1,3
1,spot19_1,3
1,spot20_1,3
1,spot21_1,3
1,spot22_1,3
1,spot23_1,3
1,spot24_1,2
1,spot25_1,3
1,spot26_1,3
1,spot27_1,3
1,spot28_1,3
1,spot29_1,3
1,spot30_1,3
1,spot31_1,3
1,spot32_1,3
1,spot33_1,3
1,spot34_1,3
1,spot35_1,2
1,spot36_1,3
1,spot37_1,3
1,spot38_1,3
1,spot39_1,3
1,spot40_1,3
1,spot41_1,3
1,spot42_1,3
1,spot43_1,3
1,spot44_1,3
1,spot45_1,3
1,spot46_1,2
1,spot47_1,3
1,spot48_1,3
1,spot49_1,3
1,spot50_1,3
1,spot51_1,3
1,spot52_1,3
1,spot53_1,3
1,spot54_1,3
1,spot55_1,3
1,spot56_1,3
1,spot57_1,2
1,spot58_1,3
1,spot59_1,3
1,spot60_1,3
1,spot61_1,3
1,spot62_1,3
1,spot63_1,3
1,spot64_1,3
1,spot65_1,3
1,spot66_1,3
1,spot67_1,3
1,spot68_1,2
1,spot69_1,3
1,spot70_1,3
1,spot71_1,3
1,spot72_1,3
1,spot73_1,3
1,spot74_1,3
1,spot75_1,3
1,spot76_1,3
1,spot77_1,3
1,spot78_1,3
1,spot79_1,3
1,spot80_1,3
1,spot81_1,3
1,spot82_1,3
1,spot83_1,3
1,spot84_1,3
1,spot85_1,3
1,spot86_1,3
1,spot87_1,3
1,spot88_1,3
1,spot89_1,3
1,spot90_1,2
1,spot91_1,3
1,spot92_1,3
1,spot93_1,3
1,spot94_1,3
1,spot95_1,3
1,spot96_1,3
1,spot97_1,3
1,spot98_1,3
1,spot99_1,3
1,spot100_1,3
1,spot101_1,2
1,spot102_1,3
1,spot103_1,3
1,spot104_1,3
1,spot105_1,3
1,spot106_1,3
1,spot107_1,3
1,spot108_1,3
1,spot109_1,4
1,spot110_1,3
1,spot111_1,3
1,spot112_1,2
1,spot113_1,2
1,spot114_1,3
1,spot115_1,4
1,spot116_1,4
1,spot117_1,4
1,spot118_1,4
1,spot119_1,4
1,spot120_1,4
1,spot121_1,4
1,spot122_1,4
1,spot123_1,4
1,spot124_1,2
1,spot125_1,1
1,spot126_1,4
1,spot127_1,4
1,spot128_1,4
1,spot129_1,4
1,spot130_1,4
1,spot131_1,4
1,spot132_1,1
1,spot133_1,4
1,spot134_1,4
1,spot135_1,2
1,spot136_1,4
1,spot137_1,4
1,spot138_1,4
1,spot139_1,4
1,spot140_1,4
1,spot141_1,4
1,spot142_1,4
1,spot143_1,4
1,spot144_1,4
1,spot145_1,4
1,spot146_1,2
1,spot147_1,4
1,spot148_1,3
1,spot149_1,4
1,spot150_1,4
1,spot151_1,4
1,spot152_1,4
1,spot153_1,4
1,spot154_1,3
1,spot155_1,4
1,spot156_1,4
1,spot157_1,2
1,spot158_1,4
1,spot159_1,4
1,spot160_1,4
1,spot161_1,4
1,spot162_1,4
1,spot163_1,3
1,spot164_1,4
1,spot165_1,4
1,spot166_1,4
1,spot167_1,4
1,spot168_1,2
1,spot169_1,4
1,spot170_1,4
1,spot171_1,4
1,spot172_1,4
1,spot173_1,4
1,spot174_1,4
1,spot175_1,4
1,spot176_1,4
1,spot177_1,4
1,spot178_1,4
1,spot179_1,2
1,spot180_1,4
1,spot181_1,4
1,spot182_1,4
1,spot183_1,4
1,spot184_1,4
1,spot185_1,4
1,spot186_1,4
1,spot187_1,4
1,spot188_1,4
1,spot189_1,4
1,spot190_1,2
1,spot191_1,4
1,spot192_1,4
1,spot193_1,4
1,spot194_1,4
1,spot195_1,4
1,spot196_1,4
1,spot197_1,4
1,spot198_1,4
1,spot199_1,4
1,spot200_1,4
1,spot201_1,2
1,spot202_1,4
1,spot203_1,4
1,spot204_1,4
1,spot205_1,4
1,spot206_1,4
1,spot207_1,4
1,spot208_1,1
1,spot209_1,4
1,spot210_1,4
1,spot211_1,4
1,spot212_1,2
1,spot213_1,4
1,spot214_1,4
1,spot215_1,4
1,spot216_1,4
1,spot217_1,4
1,spot218_1,4
1,spot219_1,4
1,spot220_1,4
1,spot221_1,1
1,spot222_1,4
1,spot223_1,2
1,spot224_1,2
1,spot225_1,4
1,spot226_1,4
1,spot227_1,4
1,spot228_1,4
1,spot229_1,4
1,spot230_1,4
1,spot231_1,4
1,spot232_1,4
1,spot233_1,4
1,spot234_1,4
1,spot235_1,2
1,spot236_1,4
1,spot237_1,4
1,spot238_1,4
1,spot239_1,3
1,spot240_1,4
1,spot241_1,1
1,spot242_1,1
1,spot243_1,4
1,spot244_1,4
1,spot245_1,4
1,spot246_1,1
1,spot247_1,4
1,spot248_1,4
1,spot249_1,1
1,spot250_1,4
1,spot251_1,4
1,spot252_1,4
1,spot253_1,4
1,spot254_1,4
1,spot255_1,4
1,spot256_1,4
1,spot257_1,1
1,spot258_1,4
1,spot259_1,4
1,spot260_1,4
1,spot261_1,4
1,spot262_1,4
1,spot263_1,4
1,spot264_1,4
1,spot265_1,4
1,spot266_1,4
1,spot267_1,1
1,spot268_1,2
1,spot269_1,4
1,spot270_1,4
1,spot271_1,4
1,spot272_1,4
1,spot273_1,4
1,spot274_1,3
1,spot275_1,4
1,spot276_1,4
1,spot277_1,4
1,spot278_1,4
1,spot279_1,2
1,spot280_1,4
1,spot281_1,4
1,spot282_1,4
1,spot283_1,4
1,spot284_1,4
1,spot285_1,4
1,spot286_1,4
1,spot287_1,4
1,spot288_1,4
1,spot289_1,4
1,spot290_1,2
1,spot291_1,1
1,spot292_1,4
1,spot293_1,4
1,spot294_1,4
1,spot295_1,4
1,spot296_1,4
1,spot297_1,4
1,spot298_1,4
1,spot299_1,4
1,spot300_1,4
1,spot301_1,2
1,spot302_1,4
1,spot303_1,4
1,spot304_1,4
1,spot305_1,4
1,spot306_1,1
1,spot307_1,4
1,spot308_1,4
1,spot309_1,4
1,spot310_1,4
1,spot311_1,4
1,spot312_1,2
1,spot313_1,4
1,spot314_1,4
1,spot315_1,4
1,spot316_1,4
1,spot317_1,4
1,spot318_1,1
1,spot319_1,4
1,spot320_1,4
1,spot321_1,4
1,spot322_1,4
1,spot323_1,2
1,spot324_1,4
1,spot325_1,4
1,spot326_1,4
1,spot327_1,4
1,spot328_1,4
1,spot329_1,4
1,spot330_1,4
1,spot331_1,4
1,spot332_1,4
1,spot333_1,4
1,spot334_1,2
1,spot335_1,3
1,spot336_1,4
1,spot337_1,1
1,spot338_1,1
1,spot339_1,1
1,spot340_1,1
1,spot341_1,1
1,spot342_1,1
1,spot343_1,1
1,spot344_1,1
1,spot345_1,1
1,spot346_1,2
1,spot347_1,1
1,spot348_1,1
1,spot349_1,1
1,spot350_1,1
1,spot351_1,1
1,spot352_1,1
1,spot353_1,1
1,spot354_1,1
1,spot355_1,1
1,spot356_1,1
1,spot357_1,3
1,spot358_1,1
1,spot359_1,1
1,spot360_1,1
1,spot361_1,1
1,spot362_1,1
1,spot363_1,1
1,spot364_1,1
1,spot365_1,1
1,spot366_1,1
1,spot367_1,1
1,spot368_1,2
1,spot369_1,1
1,spot370_1,1
1,spot371_1,1
1,spot372_1,1
1,spot373_1,1
1,spot374_1,1
1,spot375_1,1
1,spot376_1,1
1,spot377_1,1
1,spot378_1,4
1,spot379_1,2
1,spot380_1,1
1,spot381_1,1
1,spot382_1,1
1,spot383_1,1
1,spot384_1,1
1,spot385_1,1
1,spot386_1,1
1,spot387_1,1
1,spot388_1,1
1,spot389_1,1
1,spot390_1,2
1,spot391_1,1
1,spot392_1,1
1,spot393_1,1
1,spot394_1,1
1,spot395_1,1
1,spot396_1,1
1,spot397_1,1
1,spot398_1,1
1,spot399_1,4
1,spot400_1,1
1,spot401_1,2
1,spot402_1,1
1,spot403_1,1
1,spot404_1,1
1,spot405_1,1
1,spot406_1,1
1,spot407_1,1
1,spot408_1,1
1,spot409_1,1
1,spot410_1,1
1,spot411_1,1
1,spot412_1,2
1,spot413_1,1
1,spot414_1,1
1,spot415_1,1
1,spot416_1,1
1,spot417_1,1
1,spot418_1,1
1,spot419_1,1
1,spot420_1,1
1,spot421_1,1
1,spot422_1,1
1,spot423_1,3
1,spot424_1,1
1,spot425_1,1
1,spot426_1,1
1,spot427_1,1
1,spot428_1,1
1,spot429_1,1
1,spot430_1,1
1,spot431_1,1
1,spot432_1,1
1,spot433_1,1
1,spot434_1,2
1,spot435_1,1
1,spot436_1,4
1,spot437_1,1
1,spot438_1,1
1,spot439_1,1
1,spot440_1,1
1,spot441_1,1
1,spot442_1,1
1,spot443_1,1
1,spot444_1,1
1,spot445_1,2
1,spot446_1,2
1,spot447_1,1
1,spot448_1,2
1,spot449_1,2
1,spot450_1,2
1,spot451_1,1
1,spot452_1,2
1,spot453_1,2
1,spot454_1,2
1,spot455_1,2
1,spot456_1,2
1,spot457_1,2
1,spot458_1,2
1,spot459_1,2
1,spot460_1,2
1,spot461_1,2
1,spot462_1,2
1,spot463_1,1
1,spot464_1,2
1,spot465_1,2
1,spot466_1,2
1,spot467_1,2
1,spot468_1,2
1,spot469_1,2
1,spot470_1,2
1,spot471_1,1
1,spot472_1,2
1,spot473_1,2
1,spot474_1,2
1,spot475_1,2
1,spot476_1,2
1,spot477_1,2
1,spot478_1,2
1,spot479_1,2
1,spot480_1,2
1,spot481_1,2
1,spot482_1,2
1,spot483_1,2
1,spot484_1,2
1,spot485_1,1
1,spot486_1,3
1,spot487_1,1
1,spot488_1,2
1,spot489_1,2
1,spot490_1,2
1,spot491_1,2
1,spot492_1,2
1,spot493_1,2
1,spot494_1,1
1,spot495_1,2
1,spot496_1,2
1,spot497_1,2
1,spot498_1,2
1,spot499_1,2
1,spot500_1,2
2,spot501_2,4
2,spot502_2,1
2,spot503_2,1
2,spot504_2,1
2,spot505_2,1
2,spot506_2,1
2,spot507_2,1
2,spot508_2,1
2,spot509_2,1
2,spot510_2,1
2,spot511_2,1
2,spot512_2,1
2,spot513_2,1
2,spot514_2,1
2,spot515_2,1
2,spot516_2,1
2,spot517_2,1
2,spot518_2,1
2,spot519_2,1
2,spot520_2,1
2,spot521_2,1
2,spot522_2,1
2,spot523_2,1
2,spot524_2,1
2,spot525_2,1
2,spot526_2,1
2,spot527_2,1
2,spot528_2,1
2,spot529_2,1
2,spot530_2,1
2,spot531_2,1
2,spot532_2,1
2,spot533_2,1
2,spot534_2,1
2,spot535_2,3
2,spot536_2,1
2,spot537_2,1
2,spot538_2,1
2,spot539_2,1
2,spot540_2,1
2,spot541_2,1
2,spot542_2,1
2,spot543_2,1
2,spot544_2,1
2,spot545_2,1
2,spot546_2,1
2,spot547_2,1
2,spot548_2,1
2,spot549_2,1
2,spot550_2,1
2,spot551_2,1
2,spot552_2,1
2,spot553_2,1
2,spot554_2,1
2,spot555_2,1
2,spot556_2,1
2,spot557_2,1
2,spot558_2,1
2,spot559_2,1
2,spot560_2,1
2,spot561_2,1
2,spot562_2,1
2,spot563_2,1
2,spot564_2,1
2,spot565_2,1
2,spot566_2,1
2,spot567_2,1
2,spot568_2,1
2,spot569_2,1
2,spot570_2,1
2,spot571_2,1
2,spot572_2,1
2,spot573_2,1
2,spot574_2,1
2,spot575_2,1
2,spot576_2,1
2,spot577_2,1
2,spot578_2,1
2,spot579_2,1
2,spot580_2,1
2,spot581_2,1
2,spot582_2,1
2,spot583_2,1
2,spot584_2,1
2,spot585_2,1
2,spot586_2,3
2,spot587_2,1
2,spot588_2,1
2,spot589_2,1
2,spot590_2,1
2,spot591_2,1
2,spot592_2,1
2,spot593_2,1
2,spot594_2,1
2,spot595_2,1
2,spot596_2,1
2,spot597_2,1
2,spot598_2,1
2,spot599_2,1
2,spot600_2,1
2,spot601_2,1
2,spot602_2,3
2,spot603_2,3
2,spot604_2,3
2,spot605_2,3
2,spot606_2,3
2,spot607_2,3
2,spot608_2,3
2,spot609_2,3
2,spot610_2,3
2,spot611_2,3
2,spot612_2,3
2,spot613_2,3
2,spot614_2,3
2,spot615_2,3
2,spot616_2,3
2,spot617_2,3
2,spot618_2,3
2,spot619_2,3
2,spot620_2,3
2,spot621_2,3
2,spot622_2,1
2,spot623_2,3
2,spot624_2,3
2,spot625_2,3
2,spot626_2,3
2,spot627_2,3
2,spot628_2,3
2,spot629_2,3
2,spot630_2,3
2,spot631_2,3
2,spot632_2,3
2,spot633_2,3
2,spot634_2,3
2,spot635_2,3
2,spot636_2,3
2,spot637_2,3
2,spot638_2,3
2,spot639_2,3
2,spot640_2,3
2,spot641_2,3
2,spot642_2,3
2,spot643_2,3
2,spot644_2,3
2,spot645_2,3
2,spot646_2,3
2,spot647_2,3
2,spot648_2,3
2,spot649_2,3
2,spot650_2,3
2,spot651_2,3
2,spot652_2,3
2,spot653_2,3
2,spot654_2,3
2,spot655_2,3
2,spot656_2,3
2,spot657_2,1
2,spot658_2,3
2,spot659_2,3
2,spot660_2,3
2,spot661_2,3
2,spot662_2,3
2,spot663_2,3
2,spot664_2,3
2,spot665_2,3
2,spot666_2,3
2,spot667_2,3
2,spot668_2,3
2,spot669_2,3
2,spot670_2,3
2,spot671_2,3
2,spot672_2,3
2,spot673_2,3
2,spot674_2,3
2,spot675_2,3
2,spot676_2,3
2,spot677_2,3
2,spot678_2,3
2,spot679_2,3
2,spot680_2,3
2,spot681_2,3
2,spot682_2,3
2,spot683_2,3
2,spot684_2,3
2,spot685_2,3
2,spot686_2,3
2,spot687_2,1
2,spot688_2,3
2,spot689_2,3
2,spot690_2,3
2,spot691_2,3
2,spot692_2,3
2,spot693_2,3
2,spot694_2,1
2,spot695_2,3
2,spot696_2,3
2,spot697_2,3
2,spot698_2,3
2,spot699_2,3
2,spot700_2,3
2,spot701_2,3
2,spot702_2,2
2,spot703_2,2
2,spot704_2,2
2,spot705_2,2
2,spot706_2,2
2,spot707_2,2
2,spot708_2,2
2,spot709_2,2
2,spot710_2,2
2,spot711_2,2
2,spot712_2,4
2,spot713_2,2
2,spot714_2,2
2,spot715_2,2
2,spot716_2,2
2,spot717_2,2
2,spot718_2,2
2,spot719_2,2
2,spot720_2,2
2,spot721_2,2
2,spot722_2,2
2,spot723_2,2
2,spot724_2,2
2,spot725_2,2
2,spot726_2,2
2,spot727_2,2
2,spot728_2,2
2,spot729_2,2
2,spot730_2,2
2,spot731_2,2
2,spot732_2,2
2,spot733_2,2
2,spot734_2,2
2,spot735_2,2
2,spot736_2,2
2,spot737_2,2
2,spot738_2,2
2,spot739_2,2
2,spot740_2,2
2,spot741_2,2
2,spot742_2,2
2,spot743_2,2
2,spot744_2,2
2,spot745_2,2
2,spot746_2,2
2,spot747_2,2
2,spot748_2,2
2,spot749_2,2
2,spot750_2,2
2,spot751_2,2
2,spot752_2,2
2,spot753_2,2
2,spot754_2,2
2,spot755_2,2
2,spot756_2,2
2,spot757_2,2
2,spot758_2,2
2,spot759_2,2
2,spot760_2,2
2,spot761_2,2
2,spot762_2,2
2,spot763_2,2
2,spot764_2,2
2,spot765_2,2
2,spot766_2,2
2,spot767_2,2
2,spot768_2,2
2,spot769_2,2
2,spot770_2,2
2,spot771_2,2
2,spot772_2,2
2,spot773_2,2
2,spot774_2,2
2,spot775_2,2
2,spot776_2,2
2,spot777_2,2
2,spot778_2,2
2,spot779_2,4
2,spot780_2,2
2,spot781_2,2
2,spot782_2,2
2,spot783_2,2
2,spot784_2,2
2,spot785_2,2
2,spot786_2,2
2,spot787_2,2
2,spot788_2,2
2,spot789_2,2
2,spot790_2,2
2,spot791_2,2
2,spot792_2,2
2,spot793_2,2
2,spot794_2,2
2,spot795_2,2
2,spot796_2,2
2,spot797_2,2
2,spot798_2,2
2,spot799_2,2
2,spot800_2,2
2,spot801_2,2
2,spot802_2,2
2,spot803_2,2
2,spot804_2,4
2,spot805_2,2
2,spot806_2,2
2,spot807_2,2
2,spot808_2,2
2,spot809_2,2
2,spot810_2,2
2,spot811_2,2
2,spot812_2,2
2,spot813_2,2
2,spot814_2,2
2,spot815_2,2
2,spot816_2,4
2,spot817_2,2
2,spot818_2,2
2,spot819_2,2
2,spot820_2,2
2,spot821_2,2
2,spot822_2,2
2,spot823_2,2
2,spot824_2,2
2,spot825_2,2
2,spot826_2,2
2,spot827_2,2
2,spot828_2,2
2,spot829_2,2
2,spot830_2,2
2,spot831_2,2
2,spot832_2,2
2,spot833_2,2
2,spot834_2,2
2,spot835_2,2
2,spot836_2,2
2,spot837_2,2
2,spot838_2,2
2,spot839_2,2
2,spot840_2,4
2,spot841_2,2
2,spot842_2,2
2,spot843_2,2
2,spot844_2,2
2,spot845_2,2
2,spot846_2,2
2,spot847_2,2
2,spot848_2,2
2,spot849_2,2
2,spot850_2,2
2,spot851_2,2
2,spot852_2,2
2,spot853_2,2
2,spot854_2,2
2,spot855_2,2
2,spot856_2,2
2,spot857_2,2
2,spot858_2,2
2,spot859_2,2
2,spot860_2,2
2,spot861_2,2
2,spot862_2,2
2,spot863_2,2
2,spot864_2,2
2,spot865_2,2
2,spot866_2,2
2,spot867_2,2
2,spot868_2,2
2,spot869_2,3
2,spot870_2,2
2,spot871_2,2
2,spot872_2,2
2,spot873_2,2
2,spot874_2,2
2,spot875_2,2
2,spot876_2,2
2,spot877_2,2
2,spot878_2,2
2,spot879_2,2
2,spot880_2,2
2,spot881_2,4
2,spot882_2,2
2,spot883_2,2
2,spot884_2,2
2,spot885_2,2
2,spot886_2,2
2,spot887_2,2
2,spot888_2,2
2,spot889_2,2
2,spot890_2,2
2,spot891_2,2
2,spot892_2,2
2,spot893_2,2
2,spot894_2,4
2,spot895_2,2
2,spot896_2,2
2,spot897_2,2
2,spot898_2,2
2,spot899_2,2
2,spot900_2,2
2,spot901_2,2
2,spot902_2,4
2,spot903_2,4
2,spot904_2,4
2,spot905_2,4
2,spot906_2,4
2,spot907_2,4
2,spot908_2,4
2,spot909_2,4
2,spot910_2,4
2,spot911_2,2
2,spot912_2,4
2,spot913_2,4
2,spot914_2,4
2,spot915_2,4
2,spot916_2,4
2,spot917_2,4
2,spot918_2,4
2,spot919_2,4
2,spot920_2,4
2,spot921_2,2
2,spot922_2,4
2,spot923_2,4
2,spot924_2,4
2,spot925_2,4
2,spot926_2,4
2,spot927_2,4
2,spot928_2,4
2,spot929_2,4
2,spot930_2,4
2,spot931_2,4
2,spot932_2,4
2,spot933_2,4
2,spot934_2,2
2,spot935_2,4
2,spot936_2,4
2,spot937_2,4
2,spot938_2,4
2,spot939_2,4
2,spot940_2,4
2,spot941_2,4
2,spot942_2,4
2,spot943_2,4
2,spot944_2,2
2,spot945_2,4
2,spot946_2,4
2,spot947_2,4
2,spot948_2,4
2,spot949_2,4
2,spot950_2,4
2,spot951_2,2
2,spot952_2,4
2,spot953_2,4
2,spot954_2,4
2,spot955_2,4
2,spot956_2,4
2,spot957_2,4
2,spot958_2,4
2,spot959_2,4
2,spot960_2,2
2,spot961_2,4
2,spot962_2,4
2,spot963_2,4
2,spot964_2,4
2,spot965_2,4
2,spot966_2,4
2,spot967_2,4
2,spot968_2,4
2,spot969_2,4
2,spot970_2,4
2,spot971_2,4
2,spot972_2,4
2,spot973_2,4
2,spot974_2,4
2,spot975_2,4
2,spot976_2,4
2,spot977_2,4
2,spot978_2,4
2,spot979_2,4
2,spot980_2,4
2,spot981_2,4
2,spot982_2,4
2,spot983_2,4
2,spot984_2,4
2,spot985_2,4
2,spot986_2,4
2,spot987_2,4
2,spot988_2,4
2,spot989_2,4
2,spot990_2,4
2,spot991_2,4
2,spot992_2,4
2,spot993_2,4
2,spot994_2,4
2,spot995_2,4
2,spot996_2,4
2,spot997_2,4
2,spot998_2,4
2,spot999_2,4
2,spot1000_2,4
3,spot1001_3,2
3,spot1002_3,2
3,spot1003_3,2
3,spot1004_3,2
3,spot1005_3,2
3,spot1006_3,2
3,spot1007_3,2
3,spot1008_3,2
3,spot1009_3,2
3,spot1010_3,2
3,spot1011_3,2
3,spot1012_3,2
3,spot1013_3,2
3,spot1014_3,2
3,spot1015_3,2
3,spot1016_3,2
3,spot1017_3,2
3,spot1018_3,2
3,spot1019_3,2
3,spot1020_3,2
3,spot1021_3,2
3,spot1022_3,2
3,spot1023_3,2
3,spot1024_3,2
3,spot1025_3,2
3,spot1026_3,2
3,spot1027_3,2
3,spot1028_3,2
3,spot1029_3,2
3,spot1030_3,2
3,spot1031_3,2
3,spot1032_3,2
3,spot1033_3,2
3,spot1034_3,2
3,spot1035_3,2
3,spot1036_3,2
3,spot1037_3,2
3,spot1038_3,2
3,spot1039_3,2
3,spot1040_3,2
3,spot1041_3,2
3,spot1042_3,2
3,spot1043_3,2
3,spot1044_3,2
3,spot1045_3,2
3,spot1046_3,2
3,spot1047_3,2
3,spot1048_3,2
3,spot1049_3,3
3,spot1050_3,2
3,spot1051_3,2
3,spot1052_3,2
3,spot1053_3,2
3,spot1054_3,2
3,spot1055_3,2
3,spot1056_3,2
3,spot1057_3,2
3,spot1058_3,2
3,spot1059_3,2
3,spot1060_3,2
3,spot1061_3,2
3,spot1062_3,2
3,spot1063_3,2
3,spot1064_3,2
3,spot1065_3,2
3,spot1066_3,2
3,spot1067_3,2
3,spot1068_3,2
3,spot1069_3,2
3,spot1070_3,2
3,spot1071_3,2
3,spot1072_3,2
3,spot1073_3,2
3,spot1074_3,2
3,spot1075_3,2
3,spot1076_3,2
3,spot1077_3,2
3,spot1078_3,2
3,spot1079_3,2
3,spot1080_3,2
3,spot1081_3,2
3,spot1082_3,2
3,spot1083_3,2
3,spot1084_3,2
3,spot1085_3,2
3,spot1086_3,2
3,spot1087_3,2
3,spot1088_3,2
3,spot1089_3,2
3,spot1090_3,2
3,spot1091_3,2
3,spot1092_3,2
3,spot1093_3,3
3,spot1094_3,2
3,spot1095_3,2
3,spot1096_3,2
3,spot1097_3,2
3,spot1098_3,2
3,spot1099_3,2
3,spot1100_3,2
3,spot1101_3,3
3,spot1102_3,3
3,spot1103_3,3
3,spot1104_3,3
3,spot1105_3,3
3,spot1106_3,3
3,spot1107_3,3
3,spot1108_3,2
3,spot1109_3,3
3,spot1110_3,3
3,spot1111_3,3
3,spot1112_3,3
3,spot1113_3,3
3,spot1114_3,3
3,spot1115_3,3
3,spot1116_3,3
3,spot1117_3,3
3,spot1118_3,2
3,spot1119_3,3
3,spot1120_3,3
3,spot1121_3,3
3,spot1122_3,3
3,spot1123_3,3
3,spot1124_3,3
3,spot1125_3,3
3,spot1126_3,3
3,spot1127_3,3
3,spot1128_3,3
3,spot1129_3,3
3,spot1130_3,3
3,spot1131_3,3
3,spot1132_3,3
3,spot1133_3,3
3,spot1134_3,3
3,spot1135_3,3
3,spot1136_3,3
3,spot1137_3,2
3,spot1138_3,3
3,spot1139_3,3
3,spot1140_3,3
3,spot1141_3,3
3,spot1142_3,3
3,spot1143_3,3
3,spot1144_3,3
3,spot1145_3,3
3,spot1146_3,3
3,spot1147_3,3
3,spot1148_3,3
3,spot1149_3,3
3,spot1150_3,3
3,spot1151_3,3
3,spot1152_3,3
3,spot1153_3,2
3,spot1154_3,1
3,spot1155_3,3
3,spot1156_3,3
3,spot1157_3,3
3,spot1158_3,3
3,spot1159_3,3
3,spot1160_3,2
3,spot1161_3,3
3,spot1162_3,3
3,spot1163_3,3
3,spot1164_3,1
3,spot1165_3,3
3,spot1166_3,3
3,spot1167_3,3
3,spot1168_3,3
3,spot1169_3,3
3,spot1170_3,3
3,spot1171_3,3
3,spot1172_3,3
3,spot1173_3,3
3,spot1174_3,3
3,spot1175_3,3
3,spot1176_3,3
3,spot1177_3,3
3,spot1178_3,3
3,spot1179_3,3
3,spot1180_3,3
3,spot1181_3,3
3,spot1182_3,3
3,spot1183_3,3
3,spot1184_3,2
3,spot1185_3,3
3,spot1186_3,3
3,spot1187_3,3
3,spot1188_3,3
3,spot1189_3,3
3,spot1190_3,3
3,spot1191_3,3
3,spot1192_3,3
3,spot1193_3,3
3,spot1194_3,3
3,spot1195_3,3
3,spot1196_3,3
3,spot1197_3,3
3,spot1198_3,3
3,spot1199_3,3
3,spot1200_3,3
3,spot1201_3,1
3,spot1202_3,1
3,spot1203_3,1
3,spot1204_3,3
3,spot1205_3,1
3,spot1206_3,1
3,spot1207_3,1
3,spot1208_3,1
3,spot1209_3,1
3,spot1210_3,1
3,spot1211_3,1
3,spot1212_3,1
3,spot1213_3,1
3,spot1214_3,1
3,spot1215_3,1
3,spot1216_3,1
3,spot1217_3,1
3,spot1218_3,1
3,spot1219_3,1
3,spot1220_3,1
3,spot1221_3,1
3,spot1222_3,1
3,spot1223_3,1
3,spot1224_3,1
3,spot1225_3,1
3,spot1226_3,1
3,spot1227_3,1
3,spot1228_3,1
3,spot1229_3,1
3,spot1230_3,1
3,spot1231_3,1
3,spot1232_3,1
3,spot1233_3,3
3,spot1234_3,1
3,spot1235_3,1
3,spot1236_3,1
3,spot1237_3,1
3,spot1238_3,1
3,spot1239_3,1
3,spot1240_3,1
3,spot1241_3,1
3,spot1242_3,1
3,spot1243_3,1
3,spot1244_3,3
3,spot1245_3,1
3,spot1246_3,1
3,spot1247_3,1
3,spot1248_3,1
3,spot1249_3,1
3,spot1250_3,1
3,spot1251_3,1
3,spot1252_3,1
3,spot1253_3,1
3,spot1254_3,1
3,spot1255_3,3
3,spot1256_3,1
3,spot1257_3,1
3,spot1258_3,1
3,spot1259_3,1
3,spot1260_3,1
3,spot1261_3,1
3,spot1262_3,1
3,spot1263_3,1
3,spot1264_3,1
3,spot1265_3,1
3,spot1266_3,1
3,spot1267_3,1
3,spot1268_3,1
3,spot1269_3,1
3,spot1270_3,1
3,spot1271_3,1
3,spot1272_3,1
3,spot1273_3,1
3,spot1274_3,1
3,spot1275_3,1
3,spot1276_3,1
3,spot1277_3,1
3,spot1278_3,1
3,spot1279_3,1
3,spot1280_3,1
3,spot1281_3,1
3,spot1282_3,1
3,spot1283_3,1
3,spot1284_3,1
3,spot1285_3,1
3,spot1286_3,1
3,spot1287_3,3
3,spot1288_3,1
3,spot1289_3,1
3,spot1290_3,1
3,spot1291_3,1
3,spot1292_3,1
3,spot1293_3,1
3,spot1294_3,1
3,spot1295_3,1
3,spot1296_3,1
3,spot1297_3,1
3,spot1298_3,1
3,spot1299_3,1
3,spot1300_3,1
3,spot1301_3,1
3,spot1302_3,1
3,spot1303_3,1
3,spot1304_3,1
3,spot1305_3,1
3,spot1306_3,1
3,spot1307_3,1
3,spot1308_3,1
3,spot1309_3,1
3,spot1310_3,1
3,spot1311_3,1
3,spot1312_3,1
3,spot1313_3,1
3,spot1314_3,1
3,spot1315_3,1
3,spot1316_3,1
3,spot1317_3,1
3,spot1318_3,1
3,spot1319_3,1
3,spot1320_3,1
3,spot1321_3,1
3,spot1322_3,1
3,spot1323_3,1
3,spot1324_3,1
3,spot1325_3,1
3,spot1326_3,1
3,spot1327_3,1
3,spot1328_3,1
3,spot1329_3,1
3,spot1330_3,1
3,spot1331_3,1
3,spot1332_3,1
3,spot1333_3,1
3,spot1334_3,1
3,spot1335_3,1
3,spot1336_3,1
3,spot1337_3,1
3,spot1338_3,1
3,spot1339_3,1
3,spot1340_3,1
3,spot1341_3,1
3,spot1342_3,1
3,spot1343_3,3
3,spot1344_3,1
3,spot1345_3,1
3,spot1346_3,1
3,spot1347_3,1
3,spot1348_3,3
3,spot1349_3,1
3,spot1350_3,1
3,spot1351_3,1
3,spot1352_3,1
3,spot1353_3,1
3,spot1354_3,1
3,spot1355_3,1
3,spot1356_3,1
3,spot1357_3,1
3,spot1358_3,1
3,spot1359_3,1
3,spot1360_3,1
3,spot1361_3,1
3,spot1362_3,1
3,spot1363_3,1
3,spot1364_3,1
3,spot1365_3,1
3,spot1366_3,1
3,spot1367_3,1
3,spot1368_3,1
3,spot1369_3,1
3,spot1370_3,1
3,spot1371_3,1
3,spot1372_3,1
3,spot1373_3,1
3,spot1374_3,1
3,spot1375_3,1
3,spot1376_3,1
3,spot1377_3,1
3,spot1378_3,1
3,spot1379_3,3
3,spot1380_3,1
3,spot1381_3,1
3,spot1382_3,1
3,spot1383_3,1
3,spot1384_3,1
3,spot1385_3,1
3,spot1386_3,1
3,spot1387_3,3
3,spot1388_3,1
3,spot1389_3,1
3,spot1390_3,1
3,spot1391_3,1
3,spot1392_3,3
3,spot1393_3,1
3,spot1394_3,1
3,spot1395_3,1
3,spot1396_3,1
3,spot1397_3,1
3,spot1398_3,1
3,spot1399_3,1
3,spot1400_3,1
4,spot1501_4,3
4,spot1502_4,3
4,spot1503_4,3
4,spot1505_4,3
4,spot1506_4,3
4,spot1507_4,3
4,spot1508_4,3
4,spot1509_4,3
4,spot1510_4,3
4,spot1511_4,2
4,spot1512_4,3
4,spot1513_4,3
4,spot1514_4,3
4,spot1515_4,3
4,spot1516_4,3
4,spot1517_4,3
4,spot1518_4,3
4,spot1523_4,3
4,spot1524_4,3
4,spot1525_4,3
4,spot1526_4,3
4,spot1528_4,3
4,spot1529_4,3
4,spot1531_4,3
4,spot1532_4,3
4,spot1533_4,3
4,spot1534_4,3
4,spot1535_4,3
4,spot1536_4,3
4,spot1537_4,3
4,spot1538_4,3
4,spot1539_4,3
4,spot1540_4,3
4,spot1541_4,3
4,spot1542_4,3
4,spot1544_4,3
4,spot1545_4,3
4,spot1546_4,3
4,spot1547_4,3
4,spot1548_4,3
4,spot1550_4,3
4,spot1551_4,3
4,spot1552_4,3
4,spot1553_4,3
4,spot1554_4,3
4,spot1555_4,3
4,spot1556_4,3
4,spot1557_4,3
4,spot1558_4,3
4,spot1559_4,3
4,spot1560_4,3
4,spot1561_4,3
4,spot1562_4,3
4,spot1564_4,3
4,spot1565_4,3
4,spot1567_4,3
4,spot1568_4,3
4,spot1569_4,3
4,spot1570_4,3
4,spot1571_4,3
4,spot1572_4,3
4,spot1573_4,3
4,spot1574_4,3
4,spot1575_4,3
4,spot1576_4,3
4,spot1578_4,3
4,spot1579_4,3
4,spot1582_4,3
4,spot1583_4,3
4,spot1585_4,3
4,spot1586_4,3
4,spot1587_4,3
4,spot1589_4,3
4,spot1590_4,3
4,spot1593_4,3
4,spot1594_4,3
4,spot1595_4,3
4,spot1596_4,3
4,spot1597_4,3
4,spot1598_4,3
4,spot1601_4,2
4,spot1603_4,2
4,spot1605_4,2
4,spot1607_4,2
4,spot1608_4,2
4,spot1609_4,2
4,spot1610_4,2
4,spot1611_4,2
4,spot1612_4,2
4,spot1613_4,2
4,spot1614_4,2
4,spot1615_4,2
4,spot1616_4,4
4,spot1617_4,2
4,spot1619_4,2
4,spot1621_4,2
4,spot1622_4,2
4,spot1623_4,2
4,spot1624_4,2
4,spot1626_4,2
4,spot1627_4,2
4,spot1628_4,2
4,spot1629_4,3
4,spot1630_4,2
4,spot1631_4,3
4,spot1632_4,2
4,spot1633_4,2
4,spot1635_4,2
4,spot1636_4,2
4,spot1637_4,2
4,spot1638_4,2
4,spot1639_4,2
4,spot1640_4,2
4,spot1641_4,2
4,spot1642_4,2
4,spot1643_4,2
4,spot1644_4,3
4,spot1645_4,2
4,spot1646_4,2
4,spot1648_4,2
4,spot1649_4,2
4,spot1650_4,2
4,spot1651_4,2
4,spot1652_4,2
4,spot1653_4,2
4,spot1654_4,2
4,spot1655_4,2
4,spot1656_4,2
4,spot1657_4,2
4,spot1658_4,2
4,spot1659_4,2
4,spot1660_4,2
4,spot1662_4,2
4,spot1663_4,2
4,spot1664_4,2
4,spot1665_4,2
4,spot1666_4,2
4,spot1667_4,2
4,spot1668_4,2
4,spot1669_4,2
4,spot1670_4,2
4,spot1672_4,2
4,spot1674_4,2
4,spot1675_4,2
4,spot1676_4,2
4,spot1677_4,2
4,spot1678_4,2
4,spot1679_4,2
4,spot1680_4,2
4,spot1681_4,2
4,spot1683_4,2
4,spot1684_4,2
4,spot1685_4,2
4,spot1686_4,2
4,spot1687_4,2
4,spot1688_4,2
4,spot1689_4,2
4,spot1690_4,2
4,spot1691_4,2
4,spot1692_4,2
4,spot1693_4,2
4,spot1694_4,2
4,spot1696_4,2
4,spot1697_4,2
4,spot1698_4,2
4,spot1699_4,2
4,spot1700_4,4
4,spot1701_4,4
4,spot1704_4,1
4,spot1705_4,4
4,spot1707_4,4
4,spot1710_4,1
4,spot1711_4,4
4,spot1712_4,4
4,spot1713_4,4
4,spot1714_4,4
4,spot1715_4,4
4,spot1716_4,4
4,spot1717_4,4
4,spot1718_4,1
4,spot1721_4,4
4,spot1722_4,4
4,spot1723_4,4
4,spot1724_4,4
4,spot1725_4,4
4,spot1728_4,4
4,spot1729_4,4
4,spot1731_4,4
4,spot1732_4,4
4,spot1734_4,4
4,spot1735_4,4
4,spot1736_4,4
4,spot1737_4,4
4,spot1738_4,4
4,spot1739_4,4
4,spot1742_4,4
4,spot1743_4,2
4,spot1744_4,4
4,spot1745_4,4
4,spot1746_4,4
4,spot1747_4,4
4,spot1749_4,4
4,spot1750_4,4
4,spot1752_4,4
4,spot1753_4,4
4,spot1755_4,4
4,spot1756_4,4
4,spot1757_4,4
4,spot1758_4,4
4,spot1760_4,4
4,spot1761_4,4
4,spot1762_4,4
4,spot1763_4,4
4,spot1764_4,4
4,spot1765_4,4
4,spot1766_4,4
4,spot1767_4,4
4,spot1769_4,4
4,spot1772_4,4
4,spot1775_4,4
4,spot1777_4,4
4,spot1778_4,4
4,spot1779_4,4
4,spot1781_4,1
4,spot1782_4,4
4,spot1783_4,4
4,spot1784_4,4
4,spot1785_4,4
4,spot1786_4,4
4,spot1787_4,4
4,spot1788_4,4
4,spot1789_4,4
4,spot1790_4,4
4,spot1792_4,4
4,spot1793_4,4
4,spot1794_4,1
4,spot1795_4,4
4,spot1796_4,4
4,spot1797_4,4
4,spot1798_4,4
4,spot1799_4,1
4,spot1800_4,4
4,spot1801_4,4
4,spot1802_4,4
4,spot1803_4,4
4,spot1804_4,4
4,spot1805_4,1
4,spot1806_4,4
4,spot1807_4,4
4,spot1809_4,4
4,spot1810_4,4
4,spot1811_4,4
4,spot1812_4,4
4,spot1813_4,4
4,spot1814_4,2
4,spot1815_4,4
4,spot1816_4,4
4,spot1817_4,4
4,spot1818_4,2
4,spot1819_4,4
4,spot1820_4,4
4,spot1821_4,4
4,spot1822_4,4
4,spot1823_4,4
4,spot1824_4,4
4,spot1825_4,4
4,spot1826_4,4
4,spot1830_4,4
4,spot1831_4,4
4,spot1832_4,4
4,spot1833_4,4
4,spot1836_4,4
4,spot1837_4,2
4,spot1838_4,4
4,spot1839_4,4
4,spot1840_4,4
4,spot1841_4,4
4,spot1842_4,4
4,spot1844_4,4
4,spot1846_4,4
4,spot1847_4,4
4,spot1848_4,4
4,spot1849_4,4
4,spot1850_4,4
4,spot1851_4,4
4,spot1853_4,4
4,spot1854_4,1
4,spot1855_4,4
4,spot1856_4,4
4,spot1858_4,1
4,spot1859_4,4
4,spot1860_4,1
4,spot1861_4,1
4,spot1862_4,4
4,spot1863_4,4
4,spot1864_4,4
4,spot1865_4,4
4,spot1866_4,4
4,spot1867_4,4
4,spot1868_4,4
4,spot1869_4,4
4,spot1870_4,4
4,spot1871_4,4
4,spot1872_4,4
4,spot1873_4,4
4,spot1874_4,4
4,spot1876_4,4
4,spot1877_4,4
4,spot1878_4,4
4,spot1879_4,4
4,spot1880_4,4
4,spot1881_4,4
4,spot1882_4,4
4,spot1884_4,4
4,spot1885_4,4
4,spot1887_4,4
4,spot1888_4,4
4,spot1889_4,4
4,spot1890_4,1
4,spot1891_4,4
4,spot1892_4,4
4,spot1893_4,4
4,spot1894_4,4
4,spot1895_4,4
4,spot1896_4,4
4,spot1898_4,4
4,spot1899_4,4
4,spot1900_4,4
4,spot1901_4,1
4,spot1902_4,1
4,spot1903_4,1
4,spot1904_4,1
4,spot1905_4,1
4,spot1906_4,1
4,spot1907_4,1
4,spot1908_4,1
4,spot1910_4,1
4,spot1911_4,1
4,spot1912_4,1
4,spot1913_4,1
4,spot1914_4,1
4,spot1916_4,1
4,spot1917_4,1
4,spot1919_4,1
4,spot1920_4,1
4,spot1921_4,1
4,spot1922_4,1
4,spot1923_4,1
4,spot1925_4,1
4,spot1926_4,1
4,spot1929_4,1
4,spot1930_4,1
4,spot1931_4,4
4,spot1932_4,1
4,spot1934_4,1
4,spot1936_4,1
4,spot1938_4,1
4,spot1939_4,1
4,spot1941_4,1
4,spot1942_4,1
4,spot1943_4,1
4,spot1945_4,1
4,spot1946_4,1
4,spot1948_4,1
4,spot1950_4,1
4,spot1952_4,1
4,spot1953_4,1
4,spot1954_4,4
4,spot1955_4,1
4,spot1956_4,1
4,spot1958_4,1
4,spot1959_4,1
4,spot1960_4,1
4,spot1962_4,1
4,spot1963_4,1
4,spot1964_4,1
4,spot1965_4,1
4,spot1966_4,1
4,spot1967_4,1
4,spot1968_4,1
4,spot1969_4,1
4,spot1971_4,1
4,spot1973_4,1
4,spot1975_4,1
4,spot1976_4,1
4,spot1977_4,1
4,spot1979_4,1
4,spot1980_4,1
4,spot1981_4,1
4,spot1982_4,1
4,spot1983_4,1
4,spot1984_4,1
4,spot1985_4,1
4,spot1987_4,1
4,spot1988_4,1
4,spot1989_4,1
4,spot1990_4,1
4,spot1992_4,1
4,spot1993_4,1
4,spot1994_4,1
4,spot1995_4,1
4,spot1996_4,1
4,spot1997_4,1
4,spot1998_4,1
4,spot1999_4,1
4,spot2000_4,1
